fecha,inflacion_mensual,tipo_cambio,expectativas_inflacion
2003-02-01,0.4688248389247418,3.48395,2.40833333333333
2003-03-01,1.1177801326511139,3.47915952380952,2.5375
2003-04-01,-0.05085694528311757,3.464625,2.63333333333333
2003-05-01,-0.03202510892001964,3.48114761904762,2.55
2003-06-01,-0.473129433766295,3.4787619047619,2.45
2003-07-01,-0.1492170881798427,3.47140476190476,2.39583333333333
2003-08-01,0.013455964573205748,3.4802619047619,2.13333333333333
2003-09-01,0.5585983199299038,3.48086363636364,2.0125
2003-10-01,0.049032117409208986,3.47820454545454,2.05833333333333
2003-11-01,0.1676845004562777,3.47775,2.025
2003-12-01,0.5639507887325479,3.47128571428571,2.0
2004-01-01,0.5374474410999142,3.46716666666667,2.40833333333333
2004-02-01,1.0860849483644408,3.4835,2.45833333333333
2004-03-01,0.4604485354332555,3.4650847826087,2.575
2004-04-01,-0.022770075141786972,3.46965,2.63333333333333
2004-05-01,0.3538447171426151,3.4872380952381,2.61666666666667
2004-06-01,0.5638070281414276,3.47716666666667,2.7
2004-07-01,0.1931086123667436,3.4413,2.89166666666667
2004-08-01,-0.009540637931504392,3.39545238095238,2.98333333333333
2004-09-01,0.016689712460693507,3.35759090909091,2.75
2004-10-01,-0.023747088911252323,3.321025,2.8
2004-11-01,0.2870081492655663,3.31016666666667,2.5875
2004-12-01,-0.009355420206003107,3.28106818181818,2.5
2005-01-01,0.10014950476127105,3.26821428571429,2.5
2005-02-01,-0.23462035152059801,3.258825,2.53333333333333
2005-03-01,0.6501961534074452,3.25930952380952,2.5
2005-04-01,0.11882370202553894,3.25795,2.5
2005-05-01,0.12633045900574125,3.25488095238095,2.52083333333333
2005-06-01,0.26374222707123973,3.25276190476191,2.475
2005-07-01,0.10461129309120576,3.25205263157895,2.45833333333333
2005-08-01,-0.17960572361210847,3.25734090909091,2.45
2005-09-01,-0.09427856050128192,3.30752272727273,2.375
2005-10-01,0.14478047363162272,3.38078571428571,2.33333333333333
2005-11-01,0.06804470246257743,3.37607142857143,2.41666666666667
2005-12-01,0.419225034299342,3.42428571428571,2.5
2006-01-01,0.49960884602813227,3.39329545454545,2.5
2006-02-01,0.5482777042160603,3.288725,2.5
2006-03-01,0.4571626311416166,3.33932608695652,2.5
2006-04-01,0.5100071907460313,3.33152777777778,2.5
2006-05-01,-0.5279518461002386,3.27904090909091,2.61666666666667
2006-06-01,-0.13253723758611669,3.26406428571429,2.55
2006-07-01,-0.1704403563635215,3.2431,2.52083333333333
2006-08-01,0.13934667530606237,3.23438636363636,2.45
2006-09-01,0.027368122249815663,3.24773809523809,2.4
2006-10-01,0.043789419587558776,3.23745454545455,2.425
2006-11-01,-0.28215516594505274,3.22209523809524,2.31666666666667
2006-12-01,0.02581176611089475,3.20531578947368,2.15
2007-01-01,0.009427870656941728,3.1925,1.9625
2007-02-01,0.2594672996100833,3.1903,1.91666666666667
2007-03-01,0.34883547033299767,3.18561363636364,1.85
2007-04-01,0.178206800195313,3.17828947368421,1.9
2007-05-01,0.4918716298799808,3.16752272727273,1.94166666666667
2007-06-01,0.4696920623178391,3.1702,1.975
2007-07-01,0.4755452298130791,3.16090909090909,2.05833333333333
2007-08-01,0.1369076380472345,3.15818181818182,2.26666666666667
2007-09-01,0.6125006243834941,3.135975,2.225
2007-10-01,0.31401466940323974,3.01986363636364,2.44166666666667
2007-11-01,0.11100716674787847,3.001,2.7125
2007-12-01,0.4531049376243601,2.980775,2.85
2008-01-01,0.22204623763744102,2.95031818181818,3.2625
2008-02-01,0.9070182567106899,2.9055,3.64166666666667
2008-03-01,1.0418506618059098,2.81092105263158,3.775
2008-04-01,0.1542201326107273,2.74786363636364,4.16666666666667
2008-05-01,0.36949117995423997,2.80457894736842,3.83333333333333
2008-06-01,0.7696023944328445,2.89161904761905,3.85
2008-07-01,0.5554719189823532,2.84842857142857,4.32916666666667
2008-08-01,0.5904851206278039,2.89230952380952,4.65
2008-09-01,0.5672013481702987,2.96584090909091,4.575
2008-10-01,0.6131287306313293,3.07515909090909,4.33333333333333
2008-11-01,0.30902351880721657,3.09188888888889,4.10416666666667
2008-12-01,0.3602234436993035,3.113775,3.75
2009-01-01,0.10577908754918486,3.151125,3.50416666666667
2009-02-01,-0.07478670119779318,3.236125,3.16666666666667
2009-03-01,0.3602190962933127,3.17477272727273,2.9625
2009-04-01,0.019011338763808006,3.085025,2.85
2009-05-01,-0.04300598790712984,2.99405,2.8
2009-06-01,-0.3395763976355215,2.99047619047619,2.35
2009-07-01,0.18668828324688302,3.0125,2.27083333333333
2009-08-01,-0.20740408034690683,2.95054761904762,2.2
2009-09-01,-0.08718651783548026,2.90965909090909,1.825
2009-10-01,0.12262605571473628,2.871775,1.88333333333333
2009-11-01,-0.1120675116568326,2.8845,1.97083333333333
2009-12-01,0.31710655351808725,2.87747368421053,2.1
2010-01-01,0.29591635884318457,2.85645,2.13333333333333
2010-02-01,0.3225080878761277,2.853975,2.20833333333333
2010-03-01,0.2808120982471518,2.83928260869565,2.275
2010-04-01,0.025357434337291984,2.83985,2.5
2010-05-01,0.23785979984096706,2.8455,2.5
2010-06-01,0.25084872902545463,2.83805,2.5
2010-07-01,0.3639553876795043,2.82281578947368,2.52083333333333
2010-08-01,0.26851534030176705,2.80202380952381,2.56666666666667
2010-09-01,-0.032008118471749114,2.79063636363636,2.6625
2010-10-01,-0.14172163570721485,2.791475,2.54166666666667
2010-11-01,0.007905405814145894,2.80559523809524,2.49583333333333
2010-12-01,0.17846589447318983,2.815675,2.5
2011-01-01,0.3904364301121399,2.78704761904762,2.86666666666667
2011-02-01,0.3823213150009108,2.770525,2.91666666666667
2011-03-01,0.7024682757930778,2.77939130434783,3.075
2011-04-01,0.6809130063126112,2.81563157894737,3.18333333333333
2011-05-01,-0.023705939231344342,2.77495238095238,3.23333333333333
2011-06-01,0.09914306325335964,2.76407142857143,3.05
2011-07-01,0.7929523353527923,2.74131578947368,2.93333333333333
2011-08-01,0.2658181967315709,2.73938095238095,2.95
2011-09-01,0.33418445072435077,2.74384090909091,2.825
2011-10-01,0.3148504754264314,2.731825,2.8
2011-11-01,0.4314230219842896,2.70495238095238,2.88333333333333
2011-12-01,0.2709086936856231,2.69626315789474,3.0
2012-01-01,-0.10132165805853965,2.69265909090909,2.82083333333333
2012-02-01,0.324908892687481,2.68352380952381,2.7
2012-03-01,0.7660162690275696,2.671,2.7
2012-04-01,0.5315401578713574,2.65702777777778,2.9
2012-05-01,0.039260775035554474,2.66927272727273,3.03333333333333
2012-06-01,-0.03669530588300551,2.670575,3.0
2012-07-01,0.09035886125690062,2.63504761904762,2.85833333333333
2012-08-01,0.5084010598412236,2.61597619047619,2.86666666666667
2012-09-01,0.5427064949835136,2.6028,2.85
2012-10-01,-0.1633232923999861,2.5876,2.875
2012-11-01,-0.13746867352466552,2.598625,2.725
2012-12-01,0.25877500503519446,2.56688888888889,2.55
2013-01-01,0.1154176756955616,2.55190909090909,2.59166666666667
2013-02-01,-0.08999999999999009,2.57805263157895,2.575
2013-03-01,0.9088260299246365,2.59394736842105,2.5625
2013-04-01,0.25238643451386267,2.5975,2.48333333333333
2013-05-01,0.1935855957435395,2.64438636363636,2.47916666666667
2013-06-01,0.26179770360115207,2.7475,2.5
2013-07-01,0.548478702276034,2.77671428571429,2.5125
2013-08-01,0.5429050386318357,2.8017380952381,2.58333333333333
2013-09-01,0.10878037595598578,2.77857142857143,2.7
2013-10-01,0.03827229507631369,2.76911904761905,2.65833333333333
2013-11-01,-0.21824330445084916,2.798125,2.63333333333333
2013-12-01,0.16581750067437007,2.78525,2.7
2014-01-01,0.31684651537819963,2.80893181818182,2.64166666666667
2014-02-01,0.6008386962438772,2.81265,2.58333333333333
2014-03-01,0.5185588799294205,2.80638095238095,2.6875
2014-04-01,0.3932220436982936,2.794375,2.75
2014-05-01,0.22503049078250736,2.78697619047619,2.76666666666667
2014-06-01,0.1591775010682861,2.79423809523809,2.825
2014-07-01,0.43331257562002623,2.78609523809524,2.79583333333333
2014-08-01,-0.08561963420187224,2.81447619047619,2.88333333333333
2014-09-01,0.16050250870400795,2.86395454545455,2.75
2014-10-01,0.3788583360211595,2.90604545454545,2.7
2014-11-01,-0.14946064758777355,2.925075,2.725
2014-12-01,0.2288915780783718,2.9615,2.6
2015-01-01,0.17029568573569964,3.005525,2.50416666666667
2015-02-01,0.3034689302365168,3.078525,2.5
2015-03-01,0.7646641314040359,3.09168181818182,2.7125
2015-04-01,0.3905064914157652,3.1199525,2.83333333333333
2015-05-01,0.5643654278037591,3.15045,2.81666666666667
2015-06-01,0.3323413484737081,3.16123809523809,2.9
2015-07-01,0.45078638896782763,3.18125,3.03333333333333
2015-08-01,0.3772261210857053,3.23835714285714,3.13333333333333
2015-09-01,0.027538179449337896,3.21861363636364,3.35
2015-10-01,0.14279938431256411,3.248375,3.33333333333333
2015-11-01,0.34407173595285556,3.33664285714286,3.29583333333333
2015-12-01,0.4457214990616798,3.38266666666667,3.45
2016-01-01,0.3725202111554138,3.437325,3.44458333333333
2016-02-01,0.17409124270668652,3.50590476190476,3.43333333333333
2016-03-01,0.5981180992129964,3.40738095238095,3.35
2016-04-01,0.011406560975890656,3.30154761904762,3.28333333333333
2016-05-01,0.20956373833220798,3.33372727272727,3.24166666666667
2016-06-01,0.13950852873767516,3.31657142857143,3.1625
2016-07-01,0.0817470419145927,3.29873684210526,3.01458333333333
2016-08-01,0.3582858538218492,3.33304545454545,2.76666666666667
2016-09-01,0.2064640923922001,3.38229545454546,2.6625
2016-10-01,0.41335452052377875,3.38595238095238,2.71
2016-11-01,0.2900640591180448,3.40289473684211,2.90833333333333
2016-12-01,0.3341952460993447,3.39535714285714,2.9
2017-01-01,0.23784306010730116,3.34,2.90208333333333
2017-02-01,0.32317137197557244,3.259825,2.90833333333333
2017-03-01,1.3045581851909294,3.26373913043478,2.9875
2017-04-01,-0.2580534788821476,3.24736111111111,3.06666666666667
2017-05-01,-0.42333798801341693,3.27286363636364,2.95458333333333
2017-06-01,-0.15919876902638075,3.2678,2.8875
2017-07-01,0.19828582375063242,3.24892105263158,2.78541666666667
2017-08-01,0.6722256296765483,3.24143181818182,2.73333333333333
2017-09-01,-0.01576997573975447,3.24616666666667,2.80625
2017-10-01,-0.4692452194845709,3.25104545454545,2.6625
2017-11-01,-0.19723733748829853,3.24052380952381,2.475
2017-12-01,0.15685185804354962,3.24618421052632,2.3
2018-01-01,0.12741710748858104,3.21516666666667,2.225
2018-02-01,0.2502205207208341,3.248375,2.1875
2018-03-01,0.4871243568377759,3.2519,2.18125
2018-04-01,-0.13707308385830785,3.230625,2.16666666666667
2018-05-01,0.01845518041136973,3.27361363636364,2.21666666666667
2018-06-01,0.3340582146688975,3.27095,2.275
2018-07-01,0.3827859859253602,3.27659523809524,2.32895833333333
2018-08-01,0.13176725940204914,3.28807142857143,2.39166666666667
2018-09-01,0.19168161079003987,3.311325,2.4375
2018-10-01,0.08168353037694143,3.33390909090909,2.43833333333333
2018-11-01,0.12243800321083409,3.374675,2.475
2018-12-01,0.18177727058508175,3.36402631578947,2.5
2019-01-01,0.06533228989855644,3.34386363636364,2.47708333333333
2019-02-01,0.12676145378063275,3.321475,2.4
2019-03-01,0.7275522591053463,3.30469047619048,2.33
2019-04-01,0.20008053744771104,3.303825,2.38
2019-05-01,0.14761382269663503,3.33236363636364,2.47083333333333
2019-06-01,-0.0862718704256471,3.32565,2.475
2019-07-01,0.2033367032929556,3.29021428571428,2.32291666666667
2019-08-01,0.06097727365828032,3.37756,2.3
2019-09-01,0.006382998580178878,3.35735714285714,2.2125
2019-10-01,0.11072543094825527,3.3597619047619,2.22916666666667
2019-11-01,0.10891023252677101,3.3717,2.18333333333333
2019-12-01,0.21452116115672215,3.35519047619048,2.225
2020-01-01,0.05380806673225269,3.32736363636364,2.04583333333333
2020-02-01,0.14217203436017734,3.39035,2.025
2020-03-01,0.6459999879662615,3.49136363636364,2.01875
2020-04-01,0.10458268485251665,3.3975,1.50833333333333
2020-05-01,0.20415357087903985,3.42115,1.52083333333333
2020-06-01,-0.26609685498798497,3.47016666666667,1.4
2020-07-01,0.4626883973442242,3.51656818181818,1.45833333333333
2020-08-01,-0.11023896519772869,3.56392857142857,1.56666666666667
2020-09-01,0.13635397135460803,3.55490909090909,1.49375
2020-10-01,0.01677555165233713,3.59561363636364,1.61666666666667
2020-11-01,0.5204795813914975,3.6077619047619,1.68333333333333
2020-12-01,0.04873273953303059,3.60261904761905,1.8475
2021-01-01,0.7429017041662433,3.624575,1.97708333333333
2021-02-01,-0.1252655628685373,3.645275,2.10833333333333
2021-03-01,0.8394687674103674,3.70815217391304,2.171875
2021-04-01,-0.10469180272150158,3.69945,2.3
2021-05-01,0.26655752226363294,3.77354761904762,2.42708333333333
2021-06-01,0.5196716341486107,3.91030952380952,2.6
2021-07-01,1.0075390651074878,3.94005,3.025
2021-08-01,0.984935312366586,4.08619047619048,3.07333333333333
2021-09-01,0.4004225168724007,4.10747727272727,3.6375
2021-10-01,0.5836650692595535,4.01505,3.61333333333333
2021-11-01,0.35818358042700726,4.01959523809524,3.7125
2021-12-01,0.7828352683251216,4.03697727272727,3.675
2022-01-01,0.03726799999999031,3.88928571428572,3.72708333333333
2022-02-01,0.3114559266052641,3.7908,3.75
2022-03-01,1.482659889242366,3.73878260869565,4.3875
2022-04-01,0.9618931773418549,3.73973684210526,4.61666666666667
2022-05-01,0.38402496601899205,3.75754545454545,4.88541666666667
2022-06-01,1.1906271063631513,3.74714285714286,5.35
2022-07-01,0.9408910850390972,3.90218421052632,5.15625
2022-08-01,0.6665421076659683,3.87379545454545,5.1
2022-09-01,0.5225578526843577,3.89770454545455,4.89375
2022-10-01,0.34765234810183454,3.97871428571429,4.78125
2022-11-01,0.5176396565052643,3.87730952380952,4.68333333333333
2022-12-01,0.7939241703959876,3.829175,4.3
2023-01-01,0.22644652187151504,3.83278571428571,4.62291666666666
2023-02-01,0.2945225105313698,3.840875,4.29166666666667
2023-03-01,1.2534867715202402,3.77960869565217,4.3
2023-04-01,0.5562518800693805,3.76561111111111,4.25
2023-05-01,0.31786146413237404,3.68870454545455,4.2125
2023-06-01,-0.1527697461555566,3.65104761904762,3.825
2023-07-01,0.3910662769830209,3.6013,3.57291666666667
2023-08-01,0.37613260347986177,3.69634090909091,3.35833333333333
2023-09-01,0.016402633328627125,3.72966666666667,3.378125
2023-10-01,-0.3224474433708213,3.84440909090909,3.32916666666667
2023-11-01,-0.1630608423145885,3.76188095238095,3.14583333333333
2023-12-01,0.40577796108667297,3.73368421052632,2.825
2024-01-01,0.019211327279355928,3.73980952380952,2.6375
2024-02-01,0.5575108009363117,3.82730952380952,2.64583333333333
2024-03-01,1.0093851618857563,3.70955263157895,2.55625
2024-04-01,-0.05167159972294666,3.71315909090909,2.61666666666667
2024-05-01,-0.09070644850303067,3.73097727272727,2.55833333333333
2024-06-01,0.12174192795944005,3.78463157894737,2.525
2024-07-01,0.23626873869158072,3.7644,2.48541666666667
2024-08-01,0.2841705281418694,3.741325,2.44166666666667
2024-09-01,-0.2375604747738458,3.76821428571429,2.425
2024-10-01,-0.09310352301592495,3.75359090909091,2.45416666666667
2024-11-01,0.09415303773172568,3.77885,2.44583333333333
2024-12-01,0.1056679969509533,3.73489473684211,2.45
2025-01-01,-0.09331791345094098,3.74775,2.36979166666667
2025-02-01,0.18801209487171455,3.6977,2.275
2025-03-01,0.8101593217661351,3.65259523809524,2.275
2025-04-01,0.31806633832045517,3.6997,2.2875
2025-05-01,-0.056474618756308104,3.66014285714286,2.26666666666667
2025-06-01,0.12867964377882846,3.60390476190476,2.275
2025-07-01,0.23143100236437952,3.5562,2.19166666666667
2025-08-01,-0.2902539869034104,3.5432,2.18333333333333
2025-09-01,0.011151789717778193,3.50281818181818,2.1625
2025-10-01,-0.09962740566547001,3.41409090909091,2.19166666666667
2025-11-01,0.1107819194063886,3.37285,2.1625
2025-12-01,0.2441085839474777,3.36673684210526,2.125
2026-01-01,0.09576710169805214,3.35675,2.025
2026-02-01,0.6936262973436413,3.356975,2.1375
2026-03-01,2.378693530041942,3.44677272727273,2.51875
2026-04-01,0.5206244057768039,3.442675,2.81666666666667
2026-05-01,-0.16129653609123773,3.434825,2.89166666666667
2026-06-01,0.22876225865917643,3.40457142857143,2.825
2026-07-01,0.2856312331624977,3.4,3.00875
