fecha,inflacion_mensual,tipo_cambio,expectativas_inflacion,inflacion_lag3,tc_lag3,inflacion_lag4,tc_lag4,inflacion_lag5,tc_lag5,inflacion_lag6,tc_lag6,inflacion_lag12,tc_lag12,expect_lag3,expect_lag4,expect_lag5,expect_lag6,expect_lag12,inflacion_ma12,mes
2004-04-01,-0.0227700751417869,3.46965,2.63333333333333,0.5374474410999142,3.46716666666667,0.5639507887325479,3.47128571428571,0.1676845004562777,3.47775,0.0490321174092089,3.47820454545454,-0.0508569452831175,3.464625,2.40833333333333,2.0,2.025,2.05833333333333,2.63333333333333,0.23096212730230326,4
2004-05-01,0.3538447171426151,3.4872380952381,2.61666666666667,1.0860849483644408,3.4835,0.5374474410999142,3.46716666666667,0.5639507887325479,3.47128571428571,0.1676845004562777,3.47775,-0.0320251089200196,3.48114761904762,2.45833333333333,2.40833333333333,2.0,2.025,2.55,0.2824004697556115,5
2004-06-01,0.5638070281414276,3.47716666666667,2.7,0.4604485354332555,3.4650847826087,1.0860849483644408,3.4835,0.5374474410999142,3.46716666666667,0.5639507887325479,3.47128571428571,-0.473129433766295,3.4787619047619,2.575,2.45833333333333,2.40833333333333,2.0,2.45,0.2276228366541233,6
2004-07-01,0.1931086123667436,3.4413,2.89166666666667,-0.0227700751417869,3.46965,0.4604485354332555,3.4650847826087,1.0860849483644408,3.4835,0.5374474410999142,3.46716666666667,-0.1492170881798427,3.47140476190476,2.63333333333333,2.575,2.45833333333333,2.40833333333333,2.39583333333333,0.22996340916590086,7
2004-08-01,-0.0095406379315043,3.39545238095238,2.98333333333333,0.3538447171426151,3.4872380952381,-0.0227700751417869,3.46965,0.4604485354332555,3.4650847826087,1.0860849483644408,3.4835,0.0134559645732057,3.4802619047619,2.61666666666667,2.63333333333333,2.575,2.45833333333333,2.13333333333333,0.26211922800445375,8
2004-09-01,0.0166897124606935,3.35759090909091,2.75,0.5638070281414276,3.47716666666667,0.3538447171426151,3.4872380952381,-0.0227700751417869,3.46965,0.4604485354332555,3.4650847826087,0.5585983199299038,3.48086363636364,2.7,2.61666666666667,2.63333333333333,2.575,2.0125,0.3485305998300973,9
2004-10-01,-0.0237470889112523,3.321025,2.8,0.1931086123667436,3.4413,0.5638070281414276,3.47716666666667,0.3538447171426151,3.4872380952381,-0.0227700751417869,3.46965,0.0490321174092089,3.47820454545454,2.89166666666667,2.7,2.61666666666667,2.63333333333333,2.05833333333333,0.37705774154231286,10
2004-11-01,0.2870081492655663,3.31016666666667,2.5875,-0.0095406379315043,3.39545238095238,0.1931086123667436,3.4413,0.5638070281414276,3.47716666666667,0.3538447171426151,3.4872380952381,0.1676845004562777,3.47775,2.98333333333333,2.89166666666667,2.7,2.61666666666667,2.025,0.37514135800025367,11
2004-12-01,-0.0093554202060031,3.28106818181818,2.5,0.0166897124606935,3.35759090909091,-0.0095406379315043,3.39545238095238,0.1931086123667436,3.4413,0.5638070281414276,3.47716666666667,0.5639507887325479,3.47128571428571,2.75,2.98333333333333,2.89166666666667,2.7,2.0,0.3299823073778195,12
2005-01-01,0.100149504761271,3.26821428571429,2.5,-0.0237470889112523,3.321025,0.0166897124606935,3.35759090909091,-0.0095406379315043,3.39545238095238,0.1931086123667436,3.4413,0.5374474410999142,3.46716666666667,2.8,2.75,2.98333333333333,2.89166666666667,2.40833333333333,0.323917373517781,1
2005-02-01,-0.234620351520598,3.258825,2.53333333333333,0.2870081492655663,3.31016666666667,-0.0237470889112523,3.321025,0.0166897124606935,3.35759090909091,-0.0095406379315043,3.39545238095238,1.0860849483644408,3.4835,2.5875,2.8,2.75,2.98333333333333,2.45833333333333,0.3338610109185551,2
2005-03-01,0.6501961534074452,3.25930952380952,2.5,-0.0093554202060031,3.28106818181818,0.2870081492655663,3.31016666666667,-0.0237470889112523,3.321025,0.0166897124606935,3.35759090909091,0.4604485354332555,3.4650847826087,2.5,2.5875,2.8,2.75,2.575,0.2860854935070091,3
2005-04-01,0.1188237020255389,3.25795,2.5,0.100149504761271,3.26821428571429,-0.0093554202060031,3.28106818181818,0.2870081492655663,3.31016666666667,-0.0237470889112523,3.321025,-0.0227700751417869,3.46965,2.5,2.5,2.5875,2.8,2.63333333333333,0.24964399881212226,4
2005-05-01,0.1263304590057412,3.25488095238095,2.52083333333333,-0.234620351520598,3.258825,0.100149504761271,3.26821428571429,-0.0093554202060031,3.28106818181818,0.2870081492655663,3.31016666666667,0.3538447171426151,3.4872380952381,2.53333333333333,2.5,2.5,2.5875,2.61666666666667,0.13958522382170233,5
2005-06-01,0.2637422270712397,3.25276190476191,2.475,0.6501961534074452,3.25930952380952,-0.234620351520598,3.258825,0.100149504761271,3.26821428571429,-0.0093554202060031,3.28106818181818,0.5638070281414276,3.47716666666667,2.5,2.53333333333333,2.5,2.5,2.7,0.15539752531955145,6
2005-07-01,0.1046112930912057,3.25205263157895,2.45833333333333,0.1188237020255389,3.25795,0.6501961534074452,3.25930952380952,-0.234620351520598,3.258825,0.100149504761271,3.26821428571429,0.1931086123667436,3.4413,2.5,2.5,2.53333333333333,2.5,2.89166666666667,0.16719700675016194,7
2005-08-01,-0.1796057236121084,3.25734090909091,2.45,0.1263304590057412,3.25488095238095,0.1188237020255389,3.25795,0.6501961534074452,3.25930952380952,-0.234620351520598,3.258825,-0.0095406379315043,3.39545238095238,2.52083333333333,2.5,2.5,2.53333333333333,2.98333333333333,0.1482374852387558,8
2005-09-01,-0.0942785605012819,3.30752272727273,2.375,0.2637422270712397,3.25276190476191,0.1263304590057412,3.25488095238095,0.1188237020255389,3.25795,0.6501961534074452,3.25930952380952,0.0166897124606935,3.35759090909091,2.475,2.52083333333333,2.5,2.5,2.75,0.12323208514957347,9
2005-10-01,0.1447804736316227,3.38078571428571,2.33333333333333,0.1046112930912057,3.25205263157895,0.2637422270712397,3.25276190476191,0.1263304590057412,3.25488095238095,0.1188237020255389,3.25795,-0.0237470889112523,3.321025,2.45833333333333,2.475,2.52083333333333,2.5,2.8,0.11585730854327865,10
2005-11-01,0.0680447024625774,3.37607142857143,2.41666666666667,-0.1796057236121084,3.25734090909091,0.1046112930912057,3.25205263157895,0.2637422270712397,3.25276190476191,0.1263304590057412,3.25488095238095,0.2870081492655663,3.31016666666667,2.45,2.45833333333333,2.475,2.52083333333333,2.5875,0.10168521806989499,11
2005-12-01,0.419225034299342,3.42428571428571,2.5,-0.0942785605012819,3.30752272727273,-0.1796057236121084,3.25734090909091,0.1046112930912057,3.25205263157895,0.2637422270712397,3.25276190476191,-0.0093554202060031,3.28106818181818,2.375,2.45,2.45833333333333,2.475,2.5,0.09243786198973036,12
2006-01-01,0.4996088460281322,3.39329545454545,2.5,0.1447804736316227,3.38078571428571,-0.0942785605012819,3.30752272727273,-0.1796057236121084,3.25734090909091,0.1046112930912057,3.25205263157895,0.100149504761271,3.26821428571429,2.33333333333333,2.375,2.45,2.45833333333333,2.5,0.10648182553496995,1
2006-02-01,0.5482777042160603,3.288725,2.5,0.0680447024625774,3.37607142857143,0.1447804736316227,3.38078571428571,-0.0942785605012819,3.30752272727273,-0.1796057236121084,3.25734090909091,-0.234620351520598,3.258825,2.41666666666667,2.33333333333333,2.375,2.45,2.53333333333333,0.08823487163472087,2
2006-03-01,0.4571626311416166,3.33932608695652,2.5,0.419225034299342,3.42428571428571,0.0680447024625774,3.37607142857143,0.1447804736316227,3.38078571428571,-0.0942785605012819,3.30752272727273,0.6501961534074452,3.25930952380952,2.5,2.41666666666667,2.33333333333333,2.375,2.5,0.12394990951016628,3
2006-04-01,0.5100071907460313,3.33152777777778,2.5,0.4996088460281322,3.39329545454545,0.419225034299342,3.42428571428571,0.0680447024625774,3.37607142857143,0.1447804736316227,3.38078571428571,0.1188237020255389,3.25795,2.5,2.5,2.41666666666667,2.33333333333333,2.5,0.15723818794907138,4
2006-05-01,-0.5279518461002386,3.27904090909091,2.61666666666667,0.5482777042160603,3.288725,0.4996088460281322,3.39329545454545,0.419225034299342,3.42428571428571,0.0680447024625774,3.37607142857143,0.1263304590057412,3.25488095238095,2.5,2.5,2.5,2.41666666666667,2.52083333333333,0.22247969259379294,5
2006-06-01,-0.1325372375861166,3.26406428571429,2.55,0.4571626311416166,3.33932608695652,0.5482777042160603,3.288725,0.4996088460281322,3.39329545454545,0.419225034299342,3.42428571428571,0.2637422270712397,3.25276190476191,2.5,2.5,2.5,2.5,2.475,0.20639356573830722,6
2006-07-01,-0.1704403563635215,3.2431,2.52083333333333,0.5100071907460313,3.33152777777778,0.4571626311416166,3.33932608695652,0.5482777042160603,3.288725,0.4996088460281322,3.39329545454545,0.1046112930912057,3.25205263157895,2.5,2.5,2.5,2.5,2.45833333333333,0.23899218979834824,7
2006-08-01,0.1393466753060623,3.23438636363636,2.45,-0.5279518461002386,3.27904090909091,0.5100071907460313,3.33152777777778,0.4571626311416166,3.33932608695652,0.5482777042160603,3.288725,-0.1796057236121084,3.25734090909091,2.61666666666667,2.5,2.5,2.5,2.45,0.18446866437284992,8
2006-09-01,0.0273681222498156,3.24773809523809,2.4,-0.1325372375861166,3.26406428571429,-0.5279518461002386,3.27904090909091,0.5100071907460313,3.33152777777778,0.4571626311416166,3.33932608695652,-0.0942785605012819,3.30752272727273,2.55,2.61666666666667,2.5,2.5,2.375,0.15144537565140356,9
2006-10-01,0.0437894195875587,3.23745454545455,2.425,-0.1704403563635215,3.2431,-0.1325372375861166,3.26406428571429,-0.5279518461002386,3.27904090909091,0.5100071907460313,3.33152777777778,0.1447804736316227,3.38078571428571,2.52083333333333,2.55,2.61666666666667,2.5,2.33333333333333,0.1285244048635096,10
2006-11-01,-0.2821551659450527,3.22209523809524,2.31666666666667,0.1393466753060623,3.23438636363636,-0.1704403563635215,3.2431,-0.1325372375861166,3.26406428571429,-0.5279518461002386,3.27904090909091,0.0680447024625774,3.37607142857143,2.45,2.52083333333333,2.55,2.61666666666667,2.41666666666667,0.15510377144002385,11
2006-12-01,0.0258117661108947,3.20531578947368,2.15,0.0273681222498156,3.24773809523809,0.1393466753060623,3.23438636363636,-0.1704403563635215,3.2431,-0.1325372375861166,3.26406428571429,0.419225034299342,3.42428571428571,2.4,2.45,2.52083333333333,2.55,2.5,0.16524099500261533,12
2007-01-01,0.0094278706569417,3.1925,1.9625,0.0437894195875587,3.23745454545455,0.0273681222498156,3.24773809523809,0.1393466753060623,3.23438636363636,-0.1704403563635215,3.2431,0.4996088460281322,3.39329545454545,2.425,2.4,2.45,2.52083333333333,2.5,0.15682507383227665,1
2007-02-01,0.2594672996100833,3.1903,1.91666666666667,-0.2821551659450527,3.22209523809524,0.0437894195875587,3.23745454545455,0.0273681222498156,3.24773809523809,0.1393466753060623,3.23438636363636,0.5482777042160603,3.288725,2.31666666666667,2.425,2.4,2.45,2.5,0.12764175146497414,2
2007-03-01,0.3488354703329976,3.18561363636364,1.85,0.0258117661108947,3.20531578947368,-0.2821551659450527,3.22209523809524,0.0437894195875587,3.23745454545455,0.0273681222498156,3.24773809523809,0.4571626311416166,3.33932608695652,2.15,2.31666666666667,2.425,2.4,2.5,0.09485731244927019,3
2007-04-01,0.178206800195313,3.17828947368421,1.9,0.0094278706569417,3.1925,0.0258117661108947,3.20531578947368,-0.2821551659450527,3.22209523809524,0.0437894195875587,3.23745454545455,0.5100071907460313,3.33152777777778,1.9625,2.15,2.31666666666667,2.425,2.5,0.05400889783500431,4
2007-05-01,0.4918716298799808,3.16752272727273,1.94166666666667,0.2594672996100833,3.1903,0.0094278706569417,3.1925,0.0258117661108947,3.20531578947368,-0.2821551659450527,3.22209523809524,-0.5279518461002386,3.27904090909091,1.91666666666667,1.9625,2.15,2.31666666666667,2.61666666666667,0.029941364117839566,5
2007-06-01,0.4696920623178391,3.1702,1.975,0.3488354703329976,3.18561363636364,0.2594672996100833,3.1903,0.0094278706569417,3.1925,0.0258117661108947,3.20531578947368,-0.1325372375861166,3.26406428571429,1.85,1.91666666666667,1.9625,2.15,2.55,0.020914100717121315,6
2007-07-01,0.4755452298130791,3.16090909090909,2.05833333333333,0.178206800195313,3.17828947368421,0.3488354703329976,3.18561363636364,0.2594672996100833,3.1903,0.0094278706569417,3.1925,-0.1704403563635215,3.2431,1.9,1.85,1.91666666666667,1.9625,2.52083333333333,-0.0067359318287718755,7
2007-08-01,0.1369076380472345,3.15818181818182,2.26666666666667,0.4918716298799808,3.16752272727273,0.178206800195313,3.17828947368421,0.3488354703329976,3.18561363636364,0.2594672996100833,3.1903,0.1393466753060623,3.23438636363636,1.94166666666667,1.9,1.85,1.91666666666667,2.45,0.07824935783624641,8
2007-09-01,0.6125006243834941,3.135975,2.225,0.4696920623178391,3.1702,0.4918716298799808,3.16752272727273,0.178206800195313,3.17828947368421,0.3488354703329976,3.18561363636364,0.0273681222498156,3.24773809523809,1.975,1.94166666666667,1.9,1.85,2.4,0.12843513282824273,9
2007-10-01,0.3140146694032397,3.01986363636364,2.44166666666667,0.4755452298130791,3.16090909090909,0.4696920623178391,3.1702,0.4918716298799808,3.16752272727273,0.178206800195313,3.17828947368421,0.0437894195875587,3.23745454545455,2.05833333333333,1.975,1.94166666666667,1.9,2.425,0.18226726500962612,10
2007-11-01,0.1110071667478784,3.001,2.7125,0.1369076380472345,3.15818181818182,0.4755452298130791,3.16090909090909,0.4696920623178391,3.1702,0.4918716298799808,3.16752272727273,-0.2821551659450527,3.22209523809524,2.26666666666667,2.05833333333333,1.975,1.94166666666667,2.31666666666667,0.1820640119047238,11
2007-12-01,0.4531049376243601,2.980775,2.85,0.6125006243834941,3.135975,0.1369076380472345,3.15818181818182,0.4755452298130791,3.16090909090909,0.4696920623178391,3.1702,0.0258117661108947,3.20531578947368,2.225,2.26666666666667,2.05833333333333,1.975,2.15,0.230825053749197,12
2008-01-01,0.222046237637441,2.95031818181818,3.2625,0.3140146694032397,3.01986363636364,0.6125006243834941,3.135975,0.1369076380472345,3.15818181818182,0.4755452298130791,3.16090909090909,0.0094278706569417,3.1925,2.44166666666667,2.225,2.26666666666667,2.05833333333333,1.9625,0.25334382456717036,1
2008-02-01,0.90701825671069,2.9055,3.64166666666667,0.1110071667478784,3.001,0.3140146694032397,3.01986363636364,0.6125006243834941,3.135975,0.1369076380472345,3.15818181818182,0.2594672996100833,3.1903,2.7125,2.44166666666667,2.225,2.26666666666667,1.91666666666667,0.2861073522915813,2
2008-03-01,1.0418506618059098,2.81092105263158,3.775,0.4531049376243601,2.980775,0.1110071667478784,3.001,0.3140146694032397,3.01986363636364,0.6125006243834941,3.135975,0.3488354703329976,3.18561363636364,2.85,2.7125,2.44166666666667,2.225,1.85,0.3217151165843701,3
2008-04-01,0.1542201326107273,2.74786363636364,4.16666666666667,0.222046237637441,2.95031818181818,0.4531049376243601,2.980775,0.1110071667478784,3.001,0.3140146694032397,3.01986363636364,0.178206800195313,3.17828947368421,3.2625,2.85,2.7125,2.44166666666667,1.9,0.33943331383274505,4
2008-05-01,0.3694911799542399,2.80457894736842,3.83333333333333,0.90701825671069,2.9055,0.222046237637441,2.95031818181818,0.4531049376243601,2.980775,0.1110071667478784,3.001,0.4918716298799808,3.16752272727273,3.64166666666667,3.2625,2.85,2.7125,1.94166666666667,0.393395893591129,5
2008-06-01,0.7696023944328445,2.89161904761905,3.85,1.0418506618059098,2.81092105263158,0.90701825671069,2.9055,0.222046237637441,2.95031818181818,0.4531049376243601,2.980775,0.4696920623178391,3.1702,3.775,3.64166666666667,3.2625,2.85,1.975,0.45114715954720497,6
2008-07-01,0.5554719189823532,2.84842857142857,4.32916666666667,0.1542201326107273,2.74786363636364,1.0418506618059098,2.81092105263158,0.90701825671069,2.9055,0.222046237637441,2.95031818181818,0.4755452298130791,3.16090909090909,4.16666666666667,3.775,3.64166666666667,3.2625,2.05833333333333,0.44914827058182283,7
2008-08-01,0.5904851206278039,2.89230952380952,4.65,0.3694911799542399,2.80457894736842,0.1542201326107273,2.74786363636364,1.0418506618059098,2.81092105263158,0.90701825671069,2.9055,0.1369076380472345,3.15818181818182,3.83333333333333,4.16666666666667,3.775,3.64166666666667,2.26666666666667,0.43894989975467774,8
2008-09-01,0.5672013481702987,2.96584090909091,4.575,0.7696023944328445,2.89161904761905,0.3694911799542399,2.80457894736842,0.1542201326107273,2.74786363636364,1.0418506618059098,2.81092105263158,0.6125006243834941,3.135975,3.85,3.83333333333333,4.16666666666667,3.775,2.225,0.46394242743092823,9
2008-10-01,0.6131287306313293,3.07515909090909,4.33333333333333,0.5554719189823532,2.84842857142857,0.7696023944328445,2.89161904761905,0.3694911799542399,2.80457894736842,0.1542201326107273,2.74786363636364,0.3140146694032397,3.01986363636364,4.32916666666667,3.85,3.83333333333333,4.16666666666667,2.44166666666667,0.47060298486170105,10
2008-11-01,0.3090235188072165,3.09188888888889,4.10416666666667,0.5904851206278039,2.89230952380952,0.5554719189823532,2.84842857142857,0.7696023944328445,2.89161904761905,0.3694911799542399,2.80457894736842,0.1110071667478784,3.001,4.65,4.32916666666667,3.85,3.83333333333333,2.7125,0.5084011084100818,11
2008-12-01,0.3602234436993035,3.113775,3.75,0.5672013481702987,2.96584090909091,0.5904851206278039,2.89230952380952,0.5554719189823532,2.84842857142857,0.7696023944328445,2.89161904761905,0.4531049376243601,2.980775,4.575,4.65,4.32916666666667,3.85,2.85,0.5046261687256489,12
2009-01-01,0.1057790875491848,3.151125,3.50416666666667,0.6131287306313293,3.07515909090909,0.5672013481702987,2.96584090909091,0.5904851206278039,2.89230952380952,0.5554719189823532,2.84842857142857,0.222046237637441,2.95031818181818,4.33333333333333,4.575,4.65,4.32916666666667,3.2625,0.5295523404946564,1
2009-02-01,-0.0747867011977931,3.236125,3.16666666666667,0.3090235188072165,3.09188888888889,0.6131287306313293,3.07515909090909,0.5672013481702987,2.96584090909091,0.5904851206278039,2.89230952380952,0.90701825671069,2.9055,4.10416666666667,4.33333333333333,4.575,4.65,3.64166666666667,0.5460537031662679,2
2009-03-01,0.3602190962933127,3.17477272727273,2.9625,0.3602234436993035,3.113775,0.3090235188072165,3.09188888888889,0.6131287306313293,3.07515909090909,0.5672013481702987,2.96584090909091,1.0418506618059098,2.81092105263158,3.75,4.10416666666667,4.33333333333333,4.575,3.775,0.5383135786725132,3
2009-04-01,0.019011338763808,3.085025,2.85,0.1057790875491848,3.151125,0.3602234436993035,3.113775,0.3090235188072165,3.09188888888889,0.6131287306313293,3.07515909090909,0.1542201326107273,2.74786363636364,3.50416666666667,3.75,4.10416666666667,4.33333333333333,4.16666666666667,0.5286246494984917,4
2009-05-01,-0.0430059879071298,2.99405,2.8,-0.0747867011977931,3.236125,0.1057790875491848,3.151125,0.3602234436993035,3.113775,0.3090235188072165,3.09188888888889,0.3694911799542399,2.80457894736842,3.16666666666667,3.50416666666667,3.75,4.10416666666667,3.83333333333333,0.44680756967278484,5
2009-06-01,-0.3395763976355215,2.99047619047619,2.35,0.3602190962933127,3.17477272727273,-0.0747867011977931,3.236125,0.1057790875491848,3.151125,0.3602234436993035,3.113775,0.7696023944328445,2.89161904761905,2.9625,3.16666666666667,3.50416666666667,3.75,3.85,0.39000493921340174,6
2009-07-01,0.186688283246883,3.0125,2.27083333333333,0.019011338763808,3.085025,0.3602190962933127,3.17477272727273,-0.0747867011977931,3.236125,0.1057790875491848,3.151125,0.5554719189823532,2.84842857142857,2.85,2.9625,3.16666666666667,3.50416666666667,4.32916666666667,0.3787375397261585,7
2009-08-01,-0.2074040803469068,2.95054761904762,2.2,-0.0430059879071298,2.99405,0.019011338763808,3.085025,0.3602190962933127,3.17477272727273,-0.0747867011977931,3.236125,0.5904851206278039,2.89230952380952,2.8,2.85,2.9625,3.16666666666667,4.65,0.344362775737711,8
2009-09-01,-0.0871865178354802,2.90965909090909,1.825,-0.3395763976355215,2.99047619047619,-0.0430059879071298,2.99405,0.019011338763808,3.085025,0.3602190962933127,3.17477272727273,0.5672013481702987,2.96584090909091,2.35,2.8,2.85,2.9625,4.575,0.2519312097320138,9
2009-10-01,0.1226260557147362,2.871775,1.88333333333333,0.186688283246883,3.0125,-0.3395763976355215,2.99047619047619,-0.0430059879071298,2.99405,0.019011338763808,3.085025,0.6131287306313293,3.07515909090909,2.27083333333333,2.35,2.8,2.85,4.33333333333333,0.22119924008739136,10
2009-11-01,-0.1120675116568326,2.8845,1.97083333333333,-0.2074040803469068,2.95054761904762,0.186688283246883,3.0125,-0.3395763976355215,2.99047619047619,-0.0430059879071298,2.99405,0.3090235188072165,3.09188888888889,2.2,2.27083333333333,2.35,2.8,4.10416666666667,0.1547084733394988,11
2009-12-01,0.3171065535180872,2.87747368421053,2.1,-0.0871865178354802,2.90965909090909,-0.2074040803469068,2.95054761904762,0.186688283246883,3.0125,-0.3395763976355215,2.99047619047619,0.3602234436993035,3.113775,1.825,2.2,2.27083333333333,2.35,3.75,0.10017615117235053,12
2010-01-01,0.2959163588431845,2.85645,2.13333333333333,0.1226260557147362,2.871775,-0.0871865178354802,2.90965909090909,-0.2074040803469068,2.95054761904762,0.186688283246883,3.0125,0.1057790875491848,3.151125,1.88333333333333,1.825,2.2,2.27083333333333,3.50416666666667,0.059300928262634445,1
2010-02-01,0.3225080878761277,2.853975,2.20833333333333,-0.1120675116568326,2.8845,0.1226260557147362,2.871775,-0.0871865178354802,2.90965909090909,-0.2074040803469068,2.95054761904762,-0.0747867011977931,3.236125,1.97083333333333,1.88333333333333,1.825,2.2,3.16666666666667,0.024210009057297022,2
2010-03-01,0.2808120982471518,2.83928260869565,2.275,0.3171065535180872,2.87747368421053,-0.1120675116568326,2.8845,0.1226260557147362,2.871775,-0.0871865178354802,2.90965909090909,0.3602190962933127,3.17477272727273,2.1,1.97083333333333,1.88333333333333,1.825,2.9625,0.020616934875528996,3
2010-04-01,0.0253574343372919,2.83985,2.5,0.2959163588431845,2.85645,0.3171065535180872,2.87747368421053,-0.1120675116568326,2.8845,0.1226260557147362,2.871775,0.019011338763808,3.085025,2.13333333333333,2.1,1.97083333333333,1.88333333333333,2.85,0.036461707483362304,4
2010-05-01,0.237859799840967,2.8455,2.5,0.3225080878761277,2.853975,0.2959163588431845,2.85645,0.3171065535180872,2.87747368421053,-0.1120675116568326,2.8845,-0.0430059879071298,2.99405,2.20833333333333,2.13333333333333,2.1,1.97083333333333,2.8,0.0695696065728557,5
2010-06-01,0.2508487290254546,2.83805,2.5,0.2808120982471518,2.83928260869565,0.3225080878761277,2.853975,0.2959163588431845,2.85645,0.3171065535180872,2.87747368421053,-0.3395763976355215,2.99047619047619,2.275,2.20833333333333,2.13333333333333,2.1,2.35,0.06295235673567563,6
2010-07-01,0.3639553876795043,2.82281578947368,2.52083333333333,0.0253574343372919,2.83985,0.2808120982471518,2.83928260869565,0.3225080878761277,2.853975,0.2959163588431845,2.85645,0.186688283246883,3.0125,2.5,2.275,2.20833333333333,2.13333333333333,2.27083333333333,0.06348119803346595,7
2010-08-01,0.268515340301767,2.80202380952381,2.56666666666667,0.237859799840967,2.8455,0.0253574343372919,2.83985,0.2808120982471518,2.83928260869565,0.3225080878761277,2.853975,-0.2074040803469068,2.95054761904762,2.5,2.5,2.275,2.20833333333333,2.2,0.08688668034580736,8
2010-09-01,-0.0320081184717491,2.79063636363636,2.6625,0.2508487290254546,2.83805,0.237859799840967,2.8455,0.0253574343372919,2.83985,0.2808120982471518,2.83928260869565,-0.0871865178354802,2.90965909090909,2.5,2.5,2.5,2.275,1.825,0.13608877423422203,9
2010-10-01,-0.1417216357072148,2.791475,2.54166666666667,0.3639553876795043,2.82281578947368,0.2508487290254546,2.83805,0.237859799840967,2.8455,0.0253574343372919,2.83985,0.1226260557147362,2.871775,2.52083333333333,2.5,2.5,2.5,1.88333333333333,0.15086103293694045,10
2010-11-01,0.0079054058141458,2.80559523809524,2.49583333333333,0.268515340301767,2.80202380952381,0.3639553876795043,2.82281578947368,0.2508487290254546,2.83805,0.237859799840967,2.8455,-0.1120675116568326,2.8845,2.56666666666667,2.52083333333333,2.5,2.5,1.97083333333333,0.1905209846576633,11
2010-12-01,0.1784658944731898,2.815675,2.5,-0.0320081184717491,2.79063636363636,0.268515340301767,2.80202380952381,0.3639553876795043,2.82281578947368,0.2508487290254546,2.83805,0.3171065535180872,2.87747368421053,2.6625,2.56666666666667,2.52083333333333,2.5,2.1,0.19511918460464087,12
2011-01-01,0.3904364301121399,2.78704761904762,2.86666666666667,-0.1417216357072148,2.791475,-0.0320081184717491,2.79063636363636,0.268515340301767,2.80202380952381,0.3639553876795043,2.82281578947368,0.2959163588431845,2.85645,2.54166666666667,2.6625,2.56666666666667,2.52083333333333,2.13333333333333,0.17309021031947827,1
2011-02-01,0.3823213150009108,2.770525,2.91666666666667,0.0079054058141458,2.80559523809524,-0.1417216357072148,2.791475,-0.0320081184717491,2.79063636363636,0.268515340301767,2.80202380952381,0.3225080878761277,2.853975,2.49583333333333,2.54166666666667,2.6625,2.56666666666667,2.20833333333333,0.18308795344205983,2
2011-03-01,0.7024682757930778,2.77939130434783,3.075,0.1784658944731898,2.815675,0.0079054058141458,2.80559523809524,-0.1417216357072148,2.791475,-0.0320081184717491,2.79063636363636,0.2808120982471518,2.83928260869565,2.5,2.49583333333333,2.54166666666667,2.6625,2.275,0.17153456518831836,3
2011-04-01,0.6809130063126112,2.81563157894737,3.18333333333333,0.3904364301121399,2.78704761904762,0.1784658944731898,2.815675,0.0079054058141458,2.80559523809524,-0.1417216357072148,2.791475,0.0253574343372919,2.83985,2.86666666666667,2.5,2.49583333333333,2.54166666666667,2.5,0.17941123779406465,4
2011-05-01,-0.0237059392313443,2.77495238095238,3.23333333333333,0.3823213150009108,2.770525,0.3904364301121399,2.78704761904762,0.1784658944731898,2.815675,0.0079054058141458,2.80559523809524,0.237859799840967,2.8455,2.91666666666667,2.86666666666667,2.5,2.49583333333333,2.5,0.18439567338779658,5
2011-06-01,0.0991430632533596,2.76407142857143,3.05,0.7024682757930778,2.77939130434783,0.3823213150009108,2.770525,0.3904364301121399,2.78704761904762,0.1784658944731898,2.815675,0.2508487290254546,2.83805,3.075,2.91666666666667,2.86666666666667,2.5,2.5,0.21953368818329042,6
2011-07-01,0.7929523353527923,2.74131578947368,2.93333333333333,0.6809130063126112,2.81563157894737,0.7024682757930778,2.77939130434783,0.3823213150009108,2.770525,0.3904364301121399,2.78704761904762,0.3639553876795043,2.82281578947368,3.18333333333333,3.075,2.91666666666667,2.86666666666667,2.52083333333333,0.27416331918123366,7
2011-08-01,0.2658181967315709,2.73938095238095,2.95,-0.0237059392313443,2.77495238095238,0.6809130063126112,2.81563157894737,0.7024682757930778,2.77939130434783,0.3823213150009108,2.770525,0.268515340301767,2.80202380952381,3.23333333333333,3.18333333333333,3.075,2.91666666666667,2.56666666666667,0.2523661742585411,8
2011-09-01,0.3341844507243507,2.74384090909091,2.825,0.0991430632533596,2.76407142857143,-0.0237059392313443,2.77495238095238,0.6809130063126112,2.81563157894737,0.7024682757930778,2.77939130434783,-0.0320081184717491,2.79063636363636,3.05,3.23333333333333,3.18333333333333,3.075,2.6625,0.23972403544419985,9
2011-10-01,0.3148504754264314,2.731825,2.8,0.7929523353527923,2.74131578947368,0.0991430632533596,2.76407142857143,-0.0237059392313443,2.77495238095238,0.6809130063126112,2.81563157894737,-0.1417216357072148,2.791475,2.93333333333333,3.05,3.23333333333333,3.18333333333333,2.54166666666667,0.2754737810836405,10
2011-11-01,0.4314230219842896,2.70495238095238,2.88333333333333,0.2658181967315709,2.73938095238095,0.7929523353527923,2.74131578947368,0.0991430632533596,2.76407142857143,-0.0237059392313443,2.77495238095238,0.0079054058141458,2.80559523809524,2.95,2.93333333333333,3.05,3.23333333333333,2.49583333333333,0.2752490191194575,11
2011-12-01,0.2709086936856231,2.69626315789474,3.0,0.3341844507243507,2.74384090909091,0.2658181967315709,2.73938095238095,0.7929523353527923,2.74131578947368,0.0991430632533596,2.76407142857143,0.1784658944731898,2.815675,2.825,2.95,2.93333333333333,3.05,2.5,0.3057650665524658,12
2012-01-01,-0.1013216580585396,2.69265909090909,2.82083333333333,0.3148504754264314,2.731825,0.3341844507243507,2.74384090909091,0.2658181967315709,2.73938095238095,0.7929523353527923,2.74131578947368,0.3904364301121399,2.78704761904762,2.8,2.825,2.95,2.93333333333333,2.86666666666667,0.34381274248026966,1
2012-02-01,0.324908892687481,2.68352380952381,2.7,0.4314230219842896,2.70495238095238,0.3148504754264314,2.731825,0.3341844507243507,2.74384090909091,0.2658181967315709,2.73938095238095,0.3823213150009108,2.770525,2.88333333333333,2.8,2.825,2.95,2.91666666666667,0.37910587716111493,2
2012-03-01,0.7660162690275696,2.671,2.7,0.2709086936856231,2.69626315789474,0.4314230219842896,2.70495238095238,0.3148504754264314,2.731825,0.3341844507243507,2.74384090909091,0.7024682757930778,2.77939130434783,3.0,2.88333333333333,2.8,2.825,3.075,0.38680944376215104,3
2012-04-01,0.5315401578713574,2.65702777777778,2.9,-0.1013216580585396,2.69265909090909,0.2709086936856231,2.69626315789474,0.4314230219842896,2.70495238095238,0.3148504754264314,2.731825,0.6809130063126112,2.81563157894737,2.82083333333333,3.0,2.88333333333333,2.8,3.18333333333333,0.3458296030812611,4
2012-05-01,0.0392607750355544,2.66927272727273,3.03333333333333,0.324908892687481,2.68352380952381,-0.1013216580585396,2.69265909090909,0.2709086936856231,2.69626315789474,0.4314230219842896,2.70495238095238,-0.0237059392313443,2.77495238095238,2.7,2.82083333333333,3.0,2.88333333333333,3.23333333333333,0.34104523455514196,5
2012-06-01,-0.0366953058830055,2.670575,3.0,0.7660162690275696,2.671,0.324908892687481,2.68352380952381,-0.1013216580585396,2.69265909090909,0.2709086936856231,2.69626315789474,0.0991430632533596,2.76407142857143,2.7,2.7,2.82083333333333,3.0,3.05,0.34634090065801626,6
2012-07-01,0.0903588612569006,2.63504761904762,2.85833333333333,0.5315401578713574,2.65702777777778,0.7660162690275696,2.671,0.324908892687481,2.68352380952381,-0.1013216580585396,2.69265909090909,0.7929523353527923,2.74131578947368,2.9,2.7,2.7,2.82083333333333,2.93333333333333,0.33389316328791185,7
2012-08-01,0.5084010598412236,2.61597619047619,2.86666666666667,0.0392607750355544,2.66927272727273,0.5315401578713574,2.65702777777778,0.7660162690275696,2.671,0.324908892687481,2.68352380952381,0.2658181967315709,2.73938095238095,3.03333333333333,2.9,2.7,2.7,2.95,0.33914038947681996,8
2012-09-01,0.5427064949835136,2.6028,2.85,-0.0366953058830055,2.670575,0.0392607750355544,2.66927272727273,0.5315401578713574,2.65702777777778,0.7660162690275696,2.671,0.3341844507243507,2.74384090909091,3.0,3.03333333333333,2.9,2.7,2.825,0.327820525382123,9
2012-10-01,-0.1633232923999861,2.5876,2.875,0.0903588612569006,2.63504761904762,-0.0366953058830055,2.670575,0.0392607750355544,2.66927272727273,0.5315401578713574,2.65702777777778,0.3148504754264314,2.731825,2.85833333333333,3.0,3.03333333333333,2.9,2.8,0.2692710692074653,10
2012-11-01,-0.1374686735246655,2.598625,2.725,0.5084010598412236,2.61597619047619,0.0903588612569006,2.63504761904762,-0.0366953058830055,2.670575,0.0392607750355544,2.66927272727273,0.4314230219842896,2.70495238095238,2.86666666666667,2.85833333333333,3.0,3.03333333333333,2.88333333333333,0.2894863077999364,11
2012-12-01,0.2587750050351944,2.56688888888889,2.55,0.5427064949835136,2.6028,0.5084010598412236,2.61597619047619,0.0903588612569006,2.63504761904762,-0.0366953058830055,2.670575,0.2709086936856231,2.69626315789474,2.85,2.86666666666667,2.85833333333333,3.0,3.0,0.30686314482153326,12
2013-01-01,0.1154176756955616,2.55190909090909,2.59166666666667,-0.1633232923999861,2.5876,0.5427064949835136,2.6028,0.5084010598412236,2.61597619047619,0.0903588612569006,2.63504761904762,-0.1013216580585396,2.69265909090909,2.875,2.85,2.86666666666667,2.85833333333333,2.82083333333333,0.2670153308359985,1
2013-02-01,-0.08999999999999,2.57805263157895,2.575,-0.1374686735246655,2.598625,-0.1633232923999861,2.5876,0.5427064949835136,2.6028,0.5084010598412236,2.61597619047619,0.324908892687481,2.68352380952381,2.725,2.875,2.85,2.86666666666667,2.7,0.21960768954358556,2
2013-03-01,0.9088260299246363,2.59394736842105,2.5625,0.2587750050351944,2.56688888888889,-0.1374686735246655,2.598625,-0.1633232923999861,2.5876,0.5427064949835136,2.6028,0.7660162690275696,2.671,2.55,2.725,2.875,2.85,2.7,0.2185965488227165,3
2013-04-01,0.2523864345138626,2.5975,2.48333333333333,0.1154176756955616,2.55190909090909,0.2587750050351944,2.56688888888889,-0.1374686735246655,2.598625,-0.1633232923999861,2.5876,0.5315401578713574,2.65702777777778,2.59166666666667,2.55,2.725,2.875,2.9,0.2366581599688916,4
2013-05-01,0.1935855957435395,2.64438636363636,2.47916666666667,-0.08999999999999,2.57805263157895,0.1154176756955616,2.55190909090909,0.2587750050351944,2.56688888888889,-0.1374686735246655,2.598625,0.0392607750355544,2.66927272727273,2.575,2.59166666666667,2.55,2.725,3.03333333333333,0.20208241891160236,5
2013-06-01,0.261797703601152,2.7475,2.5,0.9088260299246363,2.59394736842105,-0.08999999999999,2.57805263157895,0.1154176756955616,2.55190909090909,0.2587750050351944,2.56688888888889,-0.0366953058830055,2.670575,2.5625,2.575,2.59166666666667,2.55,3.0,0.21398323231969127,6
2013-07-01,0.548478702276034,2.77671428571429,2.5125,0.2523864345138626,2.5975,0.9088260299246363,2.59394736842105,-0.08999999999999,2.57805263157895,0.1154176756955616,2.55190909090909,0.0903588612569006,2.63504761904762,2.48333333333333,2.5625,2.575,2.59166666666667,2.85833333333333,0.19072042203990003,7
2013-08-01,0.5429050386318357,2.8017380952381,2.58333333333333,0.1935855957435395,2.64438636363636,0.2523864345138626,2.5975,0.9088260299246363,2.59394736842105,-0.08999999999999,2.57805263157895,0.5084010598412236,2.61597619047619,2.47916666666667,2.48333333333333,2.5625,2.575,2.86666666666667,0.20358082376556544,8
2013-09-01,0.1087803759559857,2.77857142857143,2.7,0.261797703601152,2.7475,0.1935855957435395,2.64438636363636,0.2523864345138626,2.5975,0.9088260299246363,2.59394736842105,0.5427064949835136,2.6028,2.5,2.47916666666667,2.48333333333333,2.5625,2.85,0.22845524122257857,9
2013-10-01,0.0382722950763136,2.76911904761905,2.65833333333333,0.548478702276034,2.77671428571429,0.261797703601152,2.7475,0.1935855957435395,2.64438636363636,0.2523864345138626,2.5975,-0.1633232923999861,2.5876,2.5125,2.5,2.47916666666667,2.48333333333333,2.875,0.2666318946408397,10
2013-11-01,-0.2182433044508491,2.798125,2.63333333333333,0.5429050386318357,2.8017380952381,0.548478702276034,2.77671428571429,0.261797703601152,2.7475,0.1935855957435395,2.64438636363636,-0.1374686735246655,2.598625,2.58333333333333,2.5125,2.5,2.47916666666667,2.725,0.269507226206724,11
2013-12-01,0.16581750067437,2.78525,2.7,0.1087803759559857,2.77857142857143,0.5429050386318357,2.8017380952381,0.548478702276034,2.77671428571429,0.261797703601152,2.7475,0.2587750050351944,2.56688888888889,2.7,2.58333333333333,2.5125,2.5,2.55,0.23334671628776335,12
2014-01-01,0.3168465153781996,2.80893181818182,2.64166666666667,0.0382722950763136,2.76911904761905,0.1087803759559857,2.77857142857143,0.5429050386318357,2.8017380952381,0.548478702276034,2.77671428571429,0.1154176756955616,2.55190909090909,2.65833333333333,2.7,2.58333333333333,2.5125,2.59166666666667,0.250146348577455,1
2014-02-01,0.6008386962438772,2.81265,2.58333333333333,-0.2182433044508491,2.798125,0.0382722950763136,2.76911904761905,0.1087803759559857,2.77857142857143,0.5429050386318357,2.8017380952381,-0.08999999999999,2.57805263157895,2.63333333333333,2.65833333333333,2.7,2.58333333333333,2.575,0.24341512933360634,2
2014-03-01,0.5185588799294205,2.80638095238095,2.6875,0.16581750067437,2.78525,-0.2182433044508491,2.798125,0.0382722950763136,2.76911904761905,0.1087803759559857,2.77857142857143,0.9088260299246363,2.59394736842105,2.7,2.63333333333333,2.65833333333333,2.7,2.5625,0.235668670636871,3
2014-04-01,0.3932220436982936,2.794375,2.75,0.3168465153781996,2.80893181818182,0.16581750067437,2.78525,-0.2182433044508491,2.798125,0.0382722950763136,2.76911904761905,0.2523864345138626,2.5975,2.64166666666667,2.7,2.63333333333333,2.65833333333333,2.48333333333333,0.25245440727709084,4
2014-05-01,0.2250304907825073,2.78697619047619,2.76666666666667,0.6008386962438772,2.81265,0.3168465153781996,2.80893181818182,0.16581750067437,2.78525,-0.2182433044508491,2.798125,0.1935855957435395,2.64438636363636,2.58333333333333,2.64166666666667,2.7,2.63333333333333,2.47916666666667,0.31002429863074643,5
2014-06-01,0.1591775010682861,2.79423809523809,2.825,0.5185588799294205,2.80638095238095,0.6008386962438772,2.81265,0.3168465153781996,2.80893181818182,0.16581750067437,2.78525,0.261797703601152,2.7475,2.6875,2.58333333333333,2.64166666666667,2.7,2.5,0.2775020361311451,6
2014-07-01,0.4333125756200262,2.78609523809524,2.79583333333333,0.3932220436982936,2.794375,0.5185588799294205,2.80638095238095,0.6008386962438772,2.81265,0.3168465153781996,2.80893181818182,0.548478702276034,2.77671428571429,2.75,2.6875,2.58333333333333,2.64166666666667,2.5125,0.28923833689651435,7
2014-08-01,-0.0856196342018722,2.81447619047619,2.88333333333333,0.2250304907825073,2.78697619047619,0.3932220436982936,2.794375,0.5185588799294205,2.80638095238095,0.6008386962438772,2.81265,0.5429050386318357,2.8017380952381,2.76666666666667,2.75,2.6875,2.58333333333333,2.58333333333333,0.2918587448164283,8
2014-09-01,0.1605025087040079,2.86395454545455,2.75,0.1591775010682861,2.79423809523809,0.2250304907825073,2.78697619047619,0.3932220436982936,2.794375,0.5185588799294205,2.80638095238095,0.1087803759559857,2.77857142857143,2.825,2.76666666666667,2.75,2.6875,2.7,0.2833070612720228,9
2014-10-01,0.3788583360211595,2.90604545454545,2.7,0.4333125756200262,2.78609523809524,0.1591775010682861,2.79423809523809,0.2250304907825073,2.78697619047619,0.3932220436982936,2.794375,0.0382722950763136,2.76911904761905,2.79583333333333,2.825,2.76666666666667,2.75,2.65833333333333,0.27370988405068886,10
2014-11-01,-0.1494606475877735,2.925075,2.725,-0.0856196342018722,2.81447619047619,0.4333125756200262,2.78609523809524,0.1591775010682861,2.79423809523809,0.2250304907825073,2.78697619047619,-0.2182433044508491,2.798125,2.88333333333333,2.79583333333333,2.825,2.76666666666667,2.63333333333333,0.2213328279812132,11
2014-12-01,0.2288915780783718,2.9615,2.6,0.1605025087040079,2.86395454545455,-0.0856196342018722,2.81447619047619,0.4333125756200262,2.78609523809524,0.1591775010682861,2.79423809523809,0.16581750067437,2.78525,2.75,2.88333333333333,2.79583333333333,2.825,2.7,0.22564300571021503,12
2015-01-01,0.1702956857356996,3.005525,2.50416666666667,0.3788583360211595,2.90604545454545,0.1605025087040079,2.86395454545455,-0.0856196342018722,2.81447619047619,0.4333125756200262,2.78609523809524,0.3168465153781996,2.80893181818182,2.7,2.75,2.88333333333333,2.79583333333333,2.64166666666667,0.25402517578895223,1
2015-02-01,0.3034689302365168,3.078525,2.5,-0.1494606475877735,2.925075,0.3788583360211595,2.90604545454545,0.1605025087040079,2.86395454545455,-0.0856196342018722,2.81447619047619,0.6008386962438772,2.81265,2.725,2.7,2.75,2.88333333333333,2.58333333333333,0.25975706386087516,2
2015-03-01,0.7646641314040359,3.09168181818182,2.7125,0.2288915780783718,2.9615,-0.1494606475877735,2.925075,0.3788583360211595,2.90604545454545,0.1605025087040079,2.86395454545455,0.5185588799294205,2.80638095238095,2.6,2.725,2.7,2.75,2.6875,0.2650132369778753,3
2015-04-01,0.3905064914157652,3.1199525,2.83333333333333,0.1702956857356996,3.005525,0.2288915780783718,2.9615,-0.1494606475877735,2.925075,0.3788583360211595,2.90604545454545,0.3932220436982936,2.794375,2.50416666666667,2.6,2.725,2.7,2.75,0.25280066784100036,4
2015-05-01,0.5643654278037591,3.15045,2.81666666666667,0.3034689302365168,3.078525,0.1702956857356996,3.005525,0.2288915780783718,2.9615,-0.1494606475877735,2.925075,0.2250304907825073,2.78697619047619,2.5,2.50416666666667,2.6,2.725,2.76666666666667,0.22801985400705363,5
2015-06-01,0.3323413484737081,3.16123809523809,2.9,0.7646641314040359,3.09168181818182,0.3034689302365168,3.078525,0.1702956857356996,3.005525,0.2288915780783718,2.9615,0.1591775010682861,2.79423809523809,2.7125,2.5,2.50416666666667,2.6,2.825,0.24852862496327158,6
2015-07-01,0.4507863889678276,3.18125,3.03333333333333,0.3905064914157652,3.1199525,0.7646641314040359,3.09168181818182,0.3034689302365168,3.078525,0.1702956857356996,3.005525,0.4333125756200262,2.78609523809524,2.83333333333333,2.7125,2.5,2.50416666666667,2.79583333333333,0.24830232893972756,7
2015-08-01,0.3772261210857053,3.23835714285714,3.13333333333333,0.5643654278037591,3.15045,0.3905064914157652,3.1199525,0.7646641314040359,3.09168181818182,0.3034689302365168,3.078525,-0.0856196342018722,2.81447619047619,2.81666666666667,2.83333333333333,2.7125,2.5,2.88333333333333,0.2765802403581652,8
2015-09-01,0.0275381794493378,3.21861363636364,3.35,0.3323413484737081,3.16123809523809,0.5643654278037591,3.15045,0.3905064914157652,3.1199525,0.7646641314040359,3.09168181818182,0.1605025087040079,2.86395454545455,2.9,2.81666666666667,2.83333333333333,2.7125,2.75,0.2910105609752837,9
2015-10-01,0.1427993843125641,3.248375,3.33333333333333,0.4507863889678276,3.18125,0.3323413484737081,3.16123809523809,0.5643654278037591,3.15045,0.3905064914157652,3.1199525,0.3788583360211595,2.90604545454545,3.03333333333333,2.9,2.81666666666667,2.83333333333333,2.7,0.2924667120876005,10
2015-11-01,0.3440717359528555,3.33664285714286,3.29583333333333,0.3772261210857053,3.23835714285714,0.4507863889678276,3.18125,0.3323413484737081,3.16123809523809,0.5643654278037591,3.15045,-0.1494606475877735,2.925075,3.13333333333333,3.03333333333333,2.9,2.81666666666667,2.725,0.3310371916948986,11
2015-12-01,0.4457214990616798,3.38266666666667,3.45,0.0275381794493378,3.21861363636364,0.3772261210857053,3.23835714285714,0.4507863889678276,3.18125,0.3323413484737081,3.16123809523809,0.2288915780783718,2.9615,3.35,3.13333333333333,3.03333333333333,2.9,2.6,0.31995683092367605,12
2016-01-01,0.3725202111554138,3.437325,3.44458333333333,0.1427993843125641,3.248375,0.0275381794493378,3.21861363636364,0.3772261210857053,3.23835714285714,0.4507863889678276,3.18125,0.1702956857356996,3.005525,3.33333333333333,3.35,3.13333333333333,3.03333333333333,2.50416666666667,0.30028525161462644,1
2016-02-01,0.1740912427066865,3.50590476190476,3.43333333333333,0.3440717359528555,3.33664285714286,0.1427993843125641,3.248375,0.0275381794493378,3.21861363636364,0.3772261210857053,3.23835714285714,0.3034689302365168,3.078525,3.29583333333333,3.33333333333333,3.35,3.13333333333333,2.5,0.34141295024301227,2
2016-03-01,0.5981180992129964,3.40738095238095,3.35,0.4457214990616798,3.38266666666667,0.3440717359528555,3.33664285714286,0.1427993843125641,3.248375,0.0275381794493378,3.21861363636364,0.7646641314040359,3.09168181818182,3.45,3.29583333333333,3.33333333333333,3.35,2.7125,0.3594821103249546,3
2016-04-01,0.0114065609758906,3.30154761904762,3.28333333333333,0.3725202111554138,3.437325,0.4457214990616798,3.38266666666667,0.3440717359528555,3.33664285714286,0.1427993843125641,3.248375,0.3905064914157652,3.1199525,3.44458333333333,3.45,3.29583333333333,3.33333333333333,2.83333333333333,0.37633415410993076,4
2016-05-01,0.2095637383322079,3.33372727272727,3.24166666666667,0.1740912427066865,3.50590476190476,0.3725202111554138,3.437325,0.4457214990616798,3.38266666666667,0.3440717359528555,3.33664285714286,0.5643654278037591,3.15045,3.43333333333333,3.44458333333333,3.45,3.29583333333333,2.81666666666667,0.3655526801491116,5
2016-06-01,0.1395085287376751,3.31657142857143,3.1625,0.5981180992129964,3.40738095238095,0.1740912427066865,3.50590476190476,0.3725202111554138,3.437325,0.4457214990616798,3.38266666666667,0.3323413484737081,3.16123809523809,3.35,3.43333333333333,3.44458333333333,3.45,2.9,0.35167384413319164,6
2016-07-01,0.0817470419145927,3.29873684210526,3.01458333333333,0.0114065609758906,3.30154761904762,0.5981180992129964,3.40738095238095,0.1740912427066865,3.50590476190476,0.3725202111554138,3.437325,0.4507863889678276,3.18125,3.28333333333333,3.35,3.43333333333333,3.44458333333333,3.03333333333333,0.32008218326320204,7
2016-08-01,0.3582858538218492,3.33304545454545,2.76666666666667,0.2095637383322079,3.33372727272727,0.0114065609758906,3.30154761904762,0.5981180992129964,3.40738095238095,0.1740912427066865,3.50590476190476,0.3772261210857053,3.23835714285714,3.24166666666667,3.28333333333333,3.35,3.43333333333333,3.13333333333333,0.29051537580723946,8
2016-09-01,0.2064640923922001,3.38229545454546,2.6625,0.1395085287376751,3.31657142857143,0.2095637383322079,3.33372727272727,0.0114065609758906,3.30154761904762,0.5981180992129964,3.40738095238095,0.0275381794493378,3.21861363636364,3.1625,3.24166666666667,3.28333333333333,3.35,3.35,0.27444597416257005,9
2016-10-01,0.4133545205237787,3.38595238095238,2.71,0.0817470419145927,3.29873684210526,0.1395085287376751,3.31657142857143,0.2095637383322079,3.33372727272727,0.0114065609758906,3.30154761904762,0.1427993843125641,3.248375,3.01458333333333,3.1625,3.24166666666667,3.28333333333333,3.33333333333333,0.2436926952414671,10
2016-11-01,0.2900640591180448,3.40289473684211,2.90833333333333,0.3582858538218492,3.33304545454545,0.0817470419145927,3.29873684210526,0.1395085287376751,3.31657142857143,0.2095637383322079,3.33372727272727,0.3440717359528555,3.33664285714286,2.76666666666667,3.01458333333333,3.1625,3.24166666666667,3.29583333333333,0.2421143396361458,11
2016-12-01,0.3341952460993447,3.39535714285714,2.9,0.2064640923922001,3.38229545454546,0.3582858538218492,3.33304545454545,0.0817470419145927,3.29873684210526,0.1395085287376751,3.31657142857143,0.4457214990616798,3.38266666666667,2.6625,2.76666666666667,3.01458333333333,3.1625,3.45,0.2570248323813843,12
2017-01-01,0.2378430601073011,3.34,2.90208333333333,0.4133545205237787,3.38595238095238,0.2064640923922001,3.38229545454546,0.3582858538218492,3.33304545454545,0.0817470419145927,3.29873684210526,0.3725202111554138,3.437325,2.71,2.6625,2.76666666666667,3.01458333333333,3.44458333333333,0.27957109373231886,1
2017-02-01,0.3231713719755724,3.259825,2.90833333333333,0.2900640591180448,3.40289473684211,0.4133545205237787,3.38595238095238,0.2064640923922001,3.38229545454546,0.3582858538218492,3.33304545454545,0.1740912427066865,3.50590476190476,2.90833333333333,2.71,2.6625,2.76666666666667,3.43333333333333,0.27507045399608465,2
2017-03-01,1.3045581851909294,3.26373913043478,2.9875,0.3341952460993447,3.39535714285714,0.2900640591180448,3.40289473684211,0.4133545205237787,3.38595238095238,0.2064640923922001,3.38229545454546,0.5981180992129964,3.40738095238095,2.9,2.90833333333333,2.71,2.6625,3.35,0.2657765995825567,3
2017-04-01,-0.2580534788821476,3.24736111111111,3.06666666666667,0.2378430601073011,3.34,0.3341952460993447,3.39535714285714,0.2900640591180448,3.40289473684211,0.4133545205237787,3.38595238095238,0.0114065609758906,3.30154761904762,2.90208333333333,2.9,2.90833333333333,2.71,3.28333333333333,0.2545535036618807,4
2017-05-01,-0.4233379880134169,3.27286363636364,2.95458333333333,0.3231713719755724,3.259825,0.2378430601073011,3.34,0.3341952460993447,3.39535714285714,0.2900640591180448,3.40289473684211,0.2095637383322079,3.33372727272727,2.90833333333333,2.90208333333333,2.9,2.90833333333333,3.24166666666667,0.26697684776762115,5
2017-06-01,-0.1591987690263807,3.2678,2.8875,1.3045581851909294,3.26373913043478,0.3231713719755724,3.259825,0.2378430601073011,3.34,0.3341952460993447,3.39535714285714,0.1395085287376751,3.31657142857143,2.9875,2.90833333333333,2.90208333333333,2.9,3.1625,0.32584685493244886,6
2017-07-01,0.1982858237506324,3.24892105263158,2.78541666666667,-0.2580534788821476,3.24736111111111,1.3045581851909294,3.26373913043478,0.3231713719755724,3.259825,0.2378430601073011,3.34,0.0817470419145927,3.29873684210526,3.06666666666667,2.9875,2.90833333333333,2.90208333333333,3.01458333333333,0.30339185161094573,7
2017-08-01,0.6722256296765483,3.24143181818182,2.73333333333333,-0.4233379880134169,3.27286363636364,-0.2580534788821476,3.24736111111111,1.3045581851909294,3.26373913043478,0.3231713719755724,3.259825,0.3582858538218492,3.33304545454545,2.95458333333333,3.06666666666667,2.9875,2.90833333333333,2.76666666666667,0.25065004108214367,8
2017-09-01,-0.0157699757397544,3.24616666666667,2.80625,-0.1591987690263807,3.2678,-0.4233379880134169,3.27286363636364,-0.2580534788821476,3.24736111111111,1.3045581851909294,3.26373913043478,0.2064640923922001,3.38229545454546,2.8875,2.95458333333333,3.06666666666667,2.9875,2.6625,0.22575776626847233,9
2017-10-01,-0.4692452194845709,3.25104545454545,2.6625,0.1982858237506324,3.24892105263158,-0.1591987690263807,3.2678,-0.4233379880134169,3.27286363636364,-0.2580534788821476,3.24736111111111,0.4133545205237787,3.38595238095238,2.78541666666667,2.8875,2.95458333333333,3.06666666666667,2.71,0.23546933142147564,10
2017-11-01,-0.1972373374882985,3.24052380952381,2.475,0.6722256296765483,3.24143181818182,0.1982858237506324,3.24892105263158,-0.1591987690263807,3.2678,-0.4233379880134169,3.27286363636364,0.2900640591180448,3.40289473684211,2.73333333333333,2.78541666666667,2.8875,2.95458333333333,2.90833333333333,0.26163097940936725,11
2017-12-01,0.1568518580435496,3.24618421052632,2.3,-0.0157699757397544,3.24616666666667,0.6722256296765483,3.24143181818182,0.1982858237506324,3.24892105263158,-0.1591987690263807,3.2678,0.3341952460993447,3.39535714285714,2.80625,2.73333333333333,2.78541666666667,2.8875,2.9,0.24311147373170436,12
2018-01-01,0.127417107488581,3.21516666666667,2.225,-0.4692452194845709,3.25104545454545,-0.0157699757397544,3.24616666666667,0.6722256296765483,3.24143181818182,0.1982858237506324,3.24892105263158,0.2378430601073011,3.34,2.6625,2.80625,2.73333333333333,2.78541666666667,2.90208333333333,0.1695614953976752,1
2018-02-01,0.2502205207208341,3.248375,2.1875,-0.1972373374882985,3.24052380952381,-0.4692452194845709,3.25104545454545,-0.0157699757397544,3.24616666666667,0.6722256296765483,3.24143181818182,0.3231713719755724,3.259825,2.475,2.6625,2.80625,2.73333333333333,2.90833333333333,0.12895304568047994,2
2018-03-01,0.4871243568377759,3.2519,2.18125,0.1568518580435496,3.24618421052632,-0.1972373374882985,3.24052380952381,-0.4692452194845709,3.25104545454545,-0.0157699757397544,3.24616666666667,1.3045581851909294,3.26373913043478,2.3,2.475,2.6625,2.80625,2.9875,0.11417443000916368,3
2018-04-01,-0.1370730838583078,3.230625,2.16666666666667,0.127417107488581,3.21516666666667,0.1568518580435496,3.24618421052632,-0.1972373374882985,3.24052380952381,-0.4692452194845709,3.25104545454545,-0.2580534788821476,3.24736111111111,2.225,2.3,2.475,2.6625,3.06666666666667,0.104972267290937,4
2018-05-01,0.0184551804113697,3.27361363636364,2.21666666666667,0.2502205207208341,3.248375,0.127417107488581,3.21516666666667,0.1568518580435496,3.24618421052632,-0.1972373374882985,3.24052380952381,-0.4233379880134169,3.27286363636364,2.1875,2.225,2.3,2.475,2.95458333333333,0.09889302968637548,5
2018-06-01,0.3340582146688975,3.27095,2.275,0.4871243568377759,3.2519,0.2502205207208341,3.248375,0.127417107488581,3.21516666666667,0.1568518580435496,3.24618421052632,-0.1591987690263807,3.2678,2.18125,2.1875,2.225,2.3,2.8875,0.030773543990279362,6
2018-07-01,0.3827859859253602,3.27659523809524,2.32895833333333,-0.1370730838583078,3.230625,0.4871243568377759,3.2519,0.2502205207208341,3.248375,0.127417107488581,3.21516666666667,0.1982858237506324,3.24892105263158,2.16666666666667,2.18125,2.1875,2.225,2.78541666666667,0.040855243575599345,7
2018-08-01,0.1317672594020491,3.28807142857143,2.39166666666667,0.0184551804113697,3.27361363636364,-0.1370730838583078,3.230625,0.4871243568377759,3.2519,0.2502205207208341,3.248375,0.6722256296765483,3.24143181818182,2.21666666666667,2.16666666666667,2.18125,2.1875,2.73333333333333,0.07767134094433156,8
2018-09-01,0.1916816107900398,3.311325,2.4375,0.3340582146688975,3.27095,0.0184551804113697,3.27361363636364,-0.1370730838583078,3.230625,0.4871243568377759,3.2519,-0.0157699757397544,3.24616666666667,2.275,2.21666666666667,2.16666666666667,2.18125,2.80625,0.11877608958560475,9
2018-10-01,0.0816835303769414,3.33390909090909,2.43833333333333,0.3827859859253602,3.27659523809524,0.3340582146688975,3.27095,0.0184551804113697,3.27361363636364,-0.1370730838583078,3.230625,-0.4692452194845709,3.25104545454545,2.32895833333333,2.275,2.21666666666667,2.16666666666667,2.6625,0.1341511031001654,10
2018-11-01,0.122438003210834,3.374675,2.475,0.1317672594020491,3.28807142857143,0.3827859859253602,3.27659523809524,0.3340582146688975,3.27095,0.0184551804113697,3.27361363636364,-0.1972373374882985,3.24052380952381,2.39166666666667,2.32895833333333,2.275,2.21666666666667,2.475,0.08911290557729046,11
2018-12-01,0.1817772705850817,3.36402631578947,2.5,0.1916816107900398,3.311325,0.1317672594020491,3.28807142857143,0.3827859859253602,3.27659523809524,0.3340582146688975,3.27095,0.1568518580435496,3.24618421052632,2.4375,2.39166666666667,2.32895833333333,2.275,2.3,0.10640053778810665,12
2019-01-01,0.0653322898985564,3.34386363636364,2.47708333333333,0.0816835303769414,3.33390909090909,0.1916816107900398,3.311325,0.1317672594020491,3.28807142857143,0.3827859859253602,3.27659523809524,0.127417107488581,3.21516666666667,2.43833333333333,2.4375,2.39166666666667,2.32895833333333,2.225,0.1523112669432327,1
2019-02-01,0.1267614537806327,3.321475,2.4,0.122438003210834,3.374675,0.0816835303769414,3.33390909090909,0.1916816107900398,3.311325,0.1317672594020491,3.28807142857143,0.2502205207208341,3.248375,2.475,2.43833333333333,2.4375,2.39166666666667,2.1875,0.1789508786681604,2
2019-03-01,0.7275522591053463,3.30469047619048,2.33,0.1817772705850817,3.36402631578947,0.122438003210834,3.374675,0.0816835303769414,3.33390909090909,0.1916816107900398,3.311325,0.4871243568377759,3.2519,2.5,2.475,2.43833333333333,2.4375,2.18125,0.18102799637995473,3
2019-04-01,0.200080537447711,3.303825,2.38,0.0653322898985564,3.34386363636364,0.1817772705850817,3.36402631578947,0.122438003210834,3.374675,0.0816835303769414,3.33390909090909,-0.1370730838583078,3.230625,2.47708333333333,2.5,2.475,2.43833333333333,2.16666666666667,0.175854261580786,4
2019-05-01,0.147613822696635,3.33236363636364,2.47083333333333,0.1267614537806327,3.321475,0.0653322898985564,3.34386363636364,0.1817772705850817,3.36402631578947,0.122438003210834,3.374675,0.0184551804113697,3.27361363636364,2.4,2.47708333333333,2.5,2.475,2.21666666666667,0.16556600600243587,5
2019-06-01,-0.0862718704256471,3.32565,2.475,0.7275522591053463,3.30469047619048,0.1267614537806327,3.321475,0.0653322898985564,3.34386363636364,0.1817772705850817,3.36402631578947,0.3340582146688975,3.27095,2.33,2.4,2.47708333333333,2.5,2.275,0.1856016645247334,6
2019-07-01,0.2033367032929556,3.29021428571428,2.32291666666667,0.200080537447711,3.303825,0.7275522591053463,3.30469047619048,0.1267614537806327,3.321475,0.0653322898985564,3.34386363636364,0.3827859859253602,3.27659523809524,2.38,2.33,2.4,2.47708333333333,2.32895833333333,0.2136977996335683,7
2019-08-01,0.0609772736582803,3.37756,2.3,0.147613822696635,3.33236363636364,0.200080537447711,3.303825,0.7275522591053463,3.30469047619048,0.1267614537806327,3.321475,0.1317672594020491,3.28807142857143,2.47083333333333,2.38,2.33,2.4,2.39166666666667,0.2244610198240071,8
2019-09-01,0.0063829985801788,3.35735714285714,2.2125,-0.0862718704256471,3.32565,0.147613822696635,3.33236363636364,0.200080537447711,3.303825,0.7275522591053463,3.30469047619048,0.1916816107900398,3.311325,2.475,2.47083333333333,2.38,2.33,2.4375,0.18943351273279505,9
2019-10-01,0.1107254309482552,3.3597619047619,2.22916666666667,0.2033367032929556,3.29021428571428,-0.0862718704256471,3.32565,0.147613822696635,3.33236363636364,0.200080537447711,3.303825,0.0816835303769414,3.33390909090909,2.32291666666667,2.475,2.47083333333333,2.38,2.43833333333333,0.17447940584676133,10
2019-11-01,0.108910232526771,3.3717,2.18333333333333,0.0609772736582803,3.37756,0.2033367032929556,3.29021428571428,-0.0862718704256471,3.32565,0.147613822696635,3.33236363636364,0.122438003210834,3.374675,2.3,2.32291666666667,2.475,2.47083333333333,2.475,0.16858024036811392,11
2019-12-01,0.2145211611567221,3.35519047619048,2.225,0.0063829985801788,3.35735714285714,0.0609772736582803,3.37756,0.2033367032929556,3.29021428571428,-0.0862718704256471,3.32565,0.1817772705850817,3.36402631578947,2.2125,2.3,2.32291666666667,2.475,2.5,0.1531386893506255,12
2020-01-01,0.0538080667322526,3.32736363636364,2.04583333333333,0.1107254309482552,3.3597619047619,0.0063829985801788,3.35735714285714,0.0609772736582803,3.37756,0.2033367032929556,3.29021428571428,0.0653322898985564,3.34386363636364,2.22916666666667,2.2125,2.3,2.32291666666667,2.47708333333333,0.15555884773156833,1
2020-02-01,0.1421720343601773,3.39035,2.025,0.108910232526771,3.3717,0.1107254309482552,3.3597619047619,0.0063829985801788,3.35735714285714,0.0609772736582803,3.37756,0.1267614537806327,3.321475,2.18333333333333,2.22916666666667,2.2125,2.3,2.4,0.1544315335078964,2
2020-03-01,0.6459999879662615,3.49136363636364,2.01875,0.2145211611567221,3.35519047619048,0.108910232526771,3.3717,0.1107254309482552,3.3597619047619,0.0063829985801788,3.35735714285714,0.7275522591053463,3.30469047619048,2.225,2.18333333333333,2.22916666666667,2.2125,2.33,0.1571601910555331,3
2020-04-01,0.1045826848525166,3.3975,1.50833333333333,0.0538080667322526,3.32736363636364,0.2145211611567221,3.35519047619048,0.108910232526771,3.3717,0.1107254309482552,3.3597619047619,0.200080537447711,3.303825,2.04583333333333,2.225,2.18333333333333,2.22916666666667,2.38,0.1561998391250078,4
2020-05-01,0.2041535708790398,3.42115,1.52083333333333,0.1421720343601773,3.39035,0.0538080667322526,3.32736363636364,0.2145211611567221,3.35519047619048,0.108910232526771,3.3717,0.147613822696635,3.33236363636364,2.025,2.04583333333333,2.225,2.18333333333333,2.47083333333333,0.1574840541733032,5
2020-06-01,-0.2660968549879849,3.47016666666667,1.4,0.6459999879662615,3.49136363636364,0.1421720343601773,3.39035,0.0538080667322526,3.32736363636364,0.2145211611567221,3.35519047619048,-0.0862718704256471,3.32565,2.01875,2.025,2.04583333333333,2.225,2.475,0.15068803157837946,6
2020-07-01,0.4626883973442242,3.51656818181818,1.45833333333333,0.1045826848525166,3.3975,0.6459999879662615,3.49136363636364,0.1421720343601773,3.39035,0.0538080667322526,3.32736363636364,0.2033367032929556,3.29021428571428,1.50833333333333,2.01875,2.025,2.04583333333333,2.32291666666667,0.14272987719544658,7
2020-08-01,-0.1102389651977286,3.56392857142857,1.56666666666667,0.2041535708790398,3.42115,0.1045826848525166,3.3975,0.6459999879662615,3.49136363636364,0.1421720343601773,3.39035,0.0609772736582803,3.37756,1.52083333333333,1.50833333333333,2.01875,2.025,2.3,0.14744152287731363,8
2020-09-01,0.136353971354608,3.55490909090909,1.49375,-0.2660968549879849,3.47016666666667,0.2041535708790398,3.42115,0.1045826848525166,3.3975,0.6459999879662615,3.49136363636364,0.0063829985801788,3.35735714285714,1.4,1.52083333333333,1.50833333333333,2.01875,2.2125,0.13245610749711884,9
2020-10-01,0.0167755516523371,3.59561363636364,1.61666666666667,0.4626883973442242,3.51656818181818,-0.2660968549879849,3.47016666666667,0.2041535708790398,3.42115,0.1045826848525166,3.3975,0.1107254309482552,3.3597619047619,1.45833333333333,1.4,1.52083333333333,1.50833333333333,2.22916666666667,0.1540687486680579,10
2020-11-01,0.5204795813914975,3.6077619047619,1.68333333333333,-0.1102389651977286,3.56392857142857,0.4626883973442242,3.51656818181818,-0.2660968549879849,3.47016666666667,0.2041535708790398,3.42115,0.108910232526771,3.3717,1.56666666666667,1.45833333333333,1.4,1.52083333333333,2.18333333333333,0.13980072876339047,11
2020-12-01,0.0487327395330305,3.60261904761905,1.8475,0.136353971354608,3.55490909090909,-0.1102389651977286,3.56392857142857,0.4626883973442242,3.51656818181818,-0.2660968549879849,3.47016666666667,0.2145211611567221,3.35519047619048,1.49375,1.56666666666667,1.45833333333333,1.4,2.225,0.15063164316125957,12
2021-01-01,0.7429017041662433,3.624575,1.97708333333333,0.0167755516523371,3.59561363636364,0.136353971354608,3.55490909090909,-0.1102389651977286,3.56392857142857,0.4626883973442242,3.51656818181818,0.0538080667322526,3.32736363636364,1.61666666666667,1.49375,1.56666666666667,1.45833333333333,2.04583333333333,0.1428024865532664,1
2021-02-01,-0.1252655628685373,3.645275,2.10833333333333,0.5204795813914975,3.6077619047619,0.0167755516523371,3.59561363636364,0.136353971354608,3.55490909090909,-0.1102389651977286,3.56392857142857,0.1421720343601773,3.39035,1.68333333333333,1.61666666666667,1.49375,1.56666666666667,2.025,0.1770999322919936,2
2021-03-01,0.8394687674103674,3.70815217391304,2.171875,0.0487327395330305,3.60261904761905,0.5204795813914975,3.6077619047619,0.0167755516523371,3.59561363636364,0.136353971354608,3.55490909090909,0.6459999879662615,3.49136363636364,1.8475,1.68333333333333,1.61666666666667,1.49375,2.01875,0.1632842304900193,3
2021-04-01,-0.1046918027215015,3.69945,2.3,0.7429017041662433,3.624575,0.0487327395330305,3.60261904761905,0.5204795813914975,3.6077619047619,0.0167755516523371,3.59561363636364,0.1045826848525166,3.3975,1.97708333333333,1.8475,1.68333333333333,1.61666666666667,1.50833333333333,0.2207087002761852,4
2021-05-01,0.2665575222636329,3.77354761904762,2.42708333333333,-0.1252655628685373,3.645275,0.7429017041662433,3.624575,0.0487327395330305,3.60261904761905,0.5204795813914975,3.6077619047619,0.2041535708790398,3.42115,2.10833333333333,1.97708333333333,1.8475,1.68333333333333,1.52083333333333,0.19842223384045898,5
2021-06-01,0.5196716341486107,3.91030952380952,2.6,0.8394687674103674,3.70815217391304,-0.1252655628685373,3.645275,0.7429017041662433,3.624575,0.0487327395330305,3.60261904761905,-0.2660968549879849,3.47016666666667,2.171875,2.10833333333333,1.97708333333333,1.8475,1.4,0.2145446321274678,6
2021-07-01,1.0075390651074878,3.94005,3.025,-0.1046918027215015,3.69945,0.8394687674103674,3.70815217391304,-0.1252655628685373,3.645275,0.7429017041662433,3.624575,0.4626883973442242,3.51656818181818,2.3,2.171875,2.10833333333333,1.97708333333333,1.45833333333333,0.19710509149629962,7
2021-08-01,0.984935312366586,4.08619047619048,3.07333333333333,0.2665575222636329,3.77354761904762,-0.1046918027215015,3.69945,0.8394687674103674,3.70815217391304,-0.1252655628685373,3.645275,-0.1102389651977286,3.56392857142857,2.42708333333333,2.3,2.171875,2.10833333333333,1.56666666666667,0.20230542077834904,8
2021-09-01,0.4004225168724007,4.10747727272727,3.6375,0.5196716341486107,3.91030952380952,0.2665575222636329,3.77354761904762,-0.1046918027215015,3.69945,0.8394687674103674,3.70815217391304,0.136353971354608,3.55490909090909,2.6,2.42708333333333,2.3,2.171875,1.49375,0.2677861282063987,9
2021-10-01,0.5836650692595535,4.01505,3.61333333333333,1.0075390651074878,3.94005,0.5196716341486107,3.91030952380952,0.2665575222636329,3.77354761904762,-0.1046918027215015,3.69945,0.0167755516523371,3.59561363636364,3.025,2.6,2.42708333333333,2.3,1.61666666666667,0.313190350520004,10
2021-11-01,0.3581835804270072,4.01959523809524,3.7125,0.984935312366586,4.08619047619048,1.0075390651074878,3.94005,0.5196716341486107,3.91030952380952,0.2665575222636329,3.77354761904762,0.5204795813914975,3.6077619047619,3.07333333333333,3.025,2.6,2.42708333333333,1.68333333333333,0.40445487365036353,11
2021-12-01,0.7828352683251216,4.03697727272727,3.675,0.4004225168724007,4.10747727272727,0.984935312366586,4.08619047619048,1.0075390651074878,3.94005,0.5196716341486107,3.91030952380952,0.0487327395330305,3.60261904761905,3.6375,3.07333333333333,3.025,2.6,1.8475,0.42646058577684626,12
2022-01-01,0.0372679999999903,3.88928571428572,3.72708333333333,0.5836650692595535,4.01505,0.4004225168724007,4.10747727272727,0.984935312366586,4.08619047619048,1.0075390651074878,3.94005,0.7429017041662433,3.624575,3.61333333333333,3.6375,3.07333333333333,3.025,1.97708333333333,0.47370137891078096,1
2022-02-01,0.3114559266052641,3.7908,3.75,0.3581835804270072,4.01959523809524,0.5836650692595535,4.01505,0.4004225168724007,4.10747727272727,0.984935312366586,4.08619047619048,-0.1252655628685373,3.645275,3.7125,3.61333333333333,3.6375,3.07333333333333,2.10833333333333,0.4601767121637401,2
2022-03-01,1.482659889242366,3.73878260869565,4.3875,0.7828352683251216,4.03697727272727,0.3581835804270072,4.01959523809524,0.5836650692595535,4.01505,0.4004225168724007,4.10747727272727,0.8394687674103674,3.70815217391304,3.675,3.7125,3.61333333333333,3.6375,2.171875,0.5213519228964144,3
2022-04-01,0.9618931773418548,3.73973684210526,4.61666666666667,0.0372679999999903,3.88928571428572,0.7828352683251216,4.03697727272727,0.3581835804270072,4.01959523809524,0.5836650692595535,4.01505,-0.1046918027215015,3.69945,3.72708333333333,3.675,3.7125,3.61333333333333,2.3,0.4625491142158933,4
2022-05-01,0.384024966018992,3.75754545454545,4.88541666666667,0.3114559266052641,3.7908,0.0372679999999903,3.88928571428572,0.7828352683251216,4.03697727272727,0.3581835804270072,4.01959523809524,0.2665575222636329,3.77354761904762,3.75,3.72708333333333,3.675,3.7125,2.42708333333333,0.4989425716720434,5
2022-06-01,1.1906271063631513,3.74714285714286,5.35,1.482659889242366,3.73878260869565,0.3114559266052641,3.7908,0.0372679999999903,3.88928571428572,0.7828352683251216,4.03697727272727,0.5196716341486107,3.91030952380952,4.3875,3.75,3.72708333333333,3.675,2.6,0.55254183182471,6
2022-07-01,0.9408910850390972,3.90218421052632,5.15625,0.9618931773418548,3.73973684210526,1.482659889242366,3.73878260869565,0.3114559266052641,3.7908,0.0372679999999903,3.88928571428572,1.0075390651074878,3.94005,4.61666666666667,4.3875,3.75,3.72708333333333,3.025,0.6414239134966563,7
2022-08-01,0.6665421076659683,3.87379545454545,5.1,0.384024966018992,3.75754545454545,0.9618931773418548,3.73973684210526,1.482659889242366,3.73878260869565,0.3114559266052641,3.7908,0.984935312366586,4.08619047619048,4.88541666666667,4.61666666666667,4.3875,3.75,3.07333333333333,0.6512128671429362,8
2022-09-01,0.5225578526843577,3.89770454545455,4.89375,1.1906271063631513,3.74714285714286,0.384024966018992,3.75754545454545,0.9618931773418548,3.73973684210526,1.482659889242366,3.73878260869565,0.4004225168724007,4.10747727272727,5.35,4.88541666666667,4.61666666666667,4.3875,3.6375,0.7071258231608146,9
2022-10-01,0.3476523481018345,3.97871428571429,4.78125,0.9408910850390972,3.90218421052632,1.1906271063631513,3.74714285714286,0.384024966018992,3.75754545454545,0.9618931773418548,3.73973684210526,0.5836650692595535,4.01505,5.15625,5.35,4.88541666666667,4.61666666666667,3.61333333333333,0.701571824821782,10
2022-11-01,0.5176396565052643,3.87730952380952,4.68333333333333,0.6665421076659683,3.87379545454545,0.9408910850390972,3.90218421052632,1.1906271063631513,3.74714285714286,0.384024966018992,3.75754545454545,0.3581835804270072,4.01959523809524,5.1,5.15625,5.35,4.88541666666667,3.7125,0.6750390577633972,11
2022-12-01,0.7939241703959876,3.829175,4.3,0.5225578526843577,3.89770454545455,0.6665421076659683,3.87379545454545,0.9408910850390972,3.90218421052632,1.1906271063631513,3.74714285714286,0.7828352683251216,4.03697727272727,4.89375,5.1,5.15625,5.35,3.675,0.6852170024143936,12
2023-01-01,0.226446521871515,3.83278571428571,4.62291666666666,0.3476523481018345,3.97871428571429,0.5225578526843577,3.89770454545455,0.6665421076659683,3.87379545454545,0.9408910850390972,3.90218421052632,0.0372679999999903,3.88928571428572,4.78125,4.89375,5.1,5.15625,3.72708333333333,0.6655492756512504,1
2023-02-01,0.2945225105313698,3.840875,4.29166666666667,0.5176396565052643,3.87730952380952,0.3476523481018345,3.97871428571429,0.5225578526843577,3.89770454545455,0.6665421076659683,3.87379545454545,0.3114559266052641,3.7908,4.68333333333333,4.78125,4.89375,5.1,3.75,0.6788372819911052,2
2023-03-01,1.2534867715202402,3.77960869565217,4.3,0.7939241703959876,3.829175,0.5176396565052643,3.87730952380952,0.3476523481018345,3.97871428571429,0.5225578526843577,3.89770454545455,1.482659889242366,3.73878260869565,4.3,4.68333333333333,4.78125,4.89375,4.3875,0.6797613571636774,3
2023-04-01,0.5562518800693805,3.76561111111111,4.25,0.226446521871515,3.83278571428571,0.7939241703959876,3.829175,0.5176396565052643,3.87730952380952,0.3476523481018345,3.97871428571429,0.9618931773418548,3.73973684210526,4.62291666666666,4.3,4.68333333333333,4.78125,4.61666666666667,0.6955262339863043,4
2023-05-01,0.317861464132374,3.68870454545455,4.2125,0.2945225105313698,3.840875,0.226446521871515,3.83278571428571,0.7939241703959876,3.829175,0.5176396565052643,3.87730952380952,0.384024966018992,3.75754545454545,4.29166666666667,4.62291666666666,4.3,4.68333333333333,4.88541666666667,0.6941151159801465,5
2023-06-01,-0.1527697461555566,3.65104761904762,3.825,1.2534867715202402,3.77960869565217,0.2945225105313698,3.840875,0.226446521871515,3.83278571428571,0.7939241703959876,3.829175,1.1906271063631513,3.74714285714286,4.3,4.29166666666667,4.62291666666666,4.3,5.35,0.6750173561699694,6
2023-07-01,0.3910662769830209,3.6013,3.57291666666667,0.5562518800693805,3.76561111111111,1.2534867715202402,3.77960869565217,0.2945225105313698,3.840875,0.226446521871515,3.83278571428571,0.9408910850390972,3.90218421052632,4.25,4.3,4.29166666666667,4.62291666666666,5.15625,0.6412139147305965,7
2023-08-01,0.3761326034798617,3.69634090909091,3.35833333333333,0.317861464132374,3.68870454545455,0.5562518800693805,3.76561111111111,1.2534867715202402,3.77960869565217,0.2945225105313698,3.840875,0.6665421076659683,3.87379545454545,4.2125,4.25,4.3,4.29166666666667,5.1,0.6357002895733784,8
2023-09-01,0.0164026333286271,3.72966666666667,3.378125,-0.1527697461555566,3.65104761904762,0.317861464132374,3.68870454545455,0.5562518800693805,3.76561111111111,1.2534867715202402,3.77960869565217,0.5225578526843577,3.89770454545455,3.825,4.2125,4.25,4.3,4.89375,0.5237505518634861,9
2023-10-01,-0.3224474433708213,3.84440909090909,3.32916666666667,0.3910662769830209,3.6013,-0.1527697461555566,3.65104761904762,0.317861464132374,3.68870454545455,0.5562518800693805,3.76561111111111,0.3476523481018345,3.97871428571429,3.57291666666667,3.825,4.2125,4.25,4.78125,0.477931817858813,10
2023-11-01,-0.1630608423145885,3.76188095238095,3.14583333333333,0.3761326034798617,3.69634090909091,0.3910662769830209,3.6013,-0.1527697461555566,3.65104761904762,0.317861464132374,3.68870454545455,0.5176396565052643,3.87730952380952,3.35833333333333,3.57291666666667,3.825,4.2125,4.68333333333333,0.4537310258433041,11
2023-12-01,0.4057779610866729,3.73368421052632,2.825,0.0164026333286271,3.72966666666667,0.3761326034798617,3.69634090909091,0.3910662769830209,3.6013,-0.1527697461555566,3.65104761904762,0.7939241703959876,3.829175,3.378125,3.35833333333333,3.57291666666667,3.825,4.3,0.4115514242303266,12
2024-01-01,0.0192113272793559,3.73980952380952,2.6375,-0.3224474433708213,3.84440909090909,0.0164026333286271,3.72966666666667,0.3761326034798617,3.69634090909091,0.3910662769830209,3.6013,0.226446521871515,3.83278571428571,3.32916666666667,3.378125,3.35833333333333,3.57291666666667,4.62291666666666,0.3557097749409386,1
2024-02-01,0.5575108009363117,3.82730952380952,2.64583333333333,-0.1630608423145885,3.76188095238095,-0.3224474433708213,3.84440909090909,0.0164026333286271,3.72966666666667,0.3761326034798617,3.69634090909091,0.2945225105313698,3.840875,3.14583333333333,3.32916666666667,3.378125,3.35833333333333,4.29166666666667,0.2989847333726175,2
2024-03-01,1.0093851618857563,3.70955263157895,2.55625,0.4057779610866729,3.73368421052632,-0.1630608423145885,3.76188095238095,-0.3224474433708213,3.84440909090909,0.0164026333286271,3.72966666666667,1.2534867715202402,3.77960869565217,2.825,3.14583333333333,3.32916666666667,3.378125,4.3,0.26663921593017464,3
2024-04-01,-0.0516715997229466,3.71315909090909,2.61666666666667,0.0192113272793559,3.73980952380952,0.4057779610866729,3.73368421052632,-0.1630608423145885,3.76188095238095,-0.3224474433708213,3.84440909090909,0.5562518800693805,3.76561111111111,2.6375,2.825,3.14583333333333,3.32916666666667,4.25,0.24936961638082808,4
2024-05-01,-0.0907064485030306,3.73097727272727,2.55833333333333,0.5575108009363117,3.82730952380952,0.0192113272793559,3.73980952380952,0.4057779610866729,3.73368421052632,-0.1630608423145885,3.76188095238095,0.317861464132374,3.68870454545455,2.64583333333333,2.6375,2.825,3.14583333333333,4.2125,0.2712853072479065,5
2024-06-01,0.12174192795944,3.78463157894737,2.525,1.0093851618857563,3.70955263157895,0.5575108009363117,3.82730952380952,0.0192113272793559,3.73980952380952,0.4057779610866729,3.73368421052632,-0.1527697461555566,3.65104761904762,2.55625,2.64583333333333,2.6375,2.825,3.825,0.2509435064450329,6
2024-07-01,0.2362687386915807,3.7644,2.48541666666667,-0.0516715997229466,3.71315909090909,1.0093851618857563,3.70955263157895,0.5575108009363117,3.82730952380952,0.0192113272793559,3.73980952380952,0.3910662769830209,3.6013,2.61666666666667,2.55625,2.64583333333333,2.6375,3.57291666666667,0.20028321646233893,7
2024-08-01,0.2841705281418694,3.741325,2.44166666666667,-0.0907064485030306,3.73097727272727,-0.0516715997229466,3.71315909090909,1.0093851618857563,3.70955263157895,0.5575108009363117,3.82730952380952,0.3761326034798617,3.69634090909091,2.55833333333333,2.61666666666667,2.55625,2.64583333333333,3.35833333333333,0.1662358904093886,8
2024-09-01,-0.2375604747738458,3.76821428571429,2.425,0.12174192795944,3.78463157894737,-0.0907064485030306,3.73097727272727,-0.0516715997229466,3.71315909090909,1.0093851618857563,3.70955263157895,0.0164026333286271,3.72966666666667,2.525,2.55833333333333,2.61666666666667,2.55625,3.378125,0.18911186325230497,9
2024-10-01,-0.0931035230159249,3.75359090909091,2.45416666666667,0.2362687386915807,3.7644,0.12174192795944,3.78463157894737,-0.0907064485030306,3.73097727272727,-0.0516715997229466,3.71315909090909,-0.3224474433708213,3.84440909090909,2.48541666666667,2.525,2.55833333333333,2.61666666666667,3.32916666666667,0.17621206839468495,10
2024-11-01,0.0941530377317256,3.77885,2.44583333333333,0.2841705281418694,3.741325,0.2362687386915807,3.7644,0.12174192795944,3.78463157894737,-0.0907064485030306,3.73097727272727,-0.1630608423145885,3.76188095238095,2.44166666666667,2.48541666666667,2.525,2.55833333333333,3.14583333333333,0.16854856211651892,11
2024-12-01,0.1056679969509533,3.73489473684211,2.45,-0.2375604747738458,3.76821428571429,0.2841705281418694,3.741325,0.2362687386915807,3.7644,0.12174192795944,3.78463157894737,0.4057779610866729,3.73368421052632,2.425,2.44166666666667,2.48541666666667,2.525,2.825,0.14738496977464616,12
2025-01-01,-0.0933179134509409,3.74775,2.36979166666667,-0.0931035230159249,3.75359090909091,-0.2375604747738458,3.76821428571429,0.2841705281418694,3.741325,0.2362687386915807,3.7644,0.0192113272793559,3.73980952380952,2.45416666666667,2.425,2.44166666666667,2.48541666666667,2.6375,0.16649696313755422,1
2025-02-01,0.1880120948717145,3.6977,2.275,0.0941530377317256,3.77885,-0.0931035230159249,3.75359090909091,-0.2375604747738458,3.76821428571429,0.2841705281418694,3.741325,0.5575108009363117,3.82730952380952,2.44583333333333,2.45416666666667,2.425,2.44166666666667,2.64583333333333,0.1879314531414137,2
2025-03-01,0.8101593217661351,3.65259523809524,2.275,0.1056679969509533,3.73489473684211,0.0941530377317256,3.77885,-0.0931035230159249,3.75359090909091,-0.2375604747738458,3.76821428571429,1.0093851618857563,3.70955263157895,2.45,2.44583333333333,2.45416666666667,2.425,2.55625,0.1629222894634371,3
2025-04-01,0.3180663383204551,3.6997,2.2875,-0.0933179134509409,3.74775,0.1056679969509533,3.73489473684211,0.0941530377317256,3.77885,-0.0931035230159249,3.75359090909091,-0.0516715997229466,3.71315909090909,2.36979166666667,2.45,2.44583333333333,2.45416666666667,2.61666666666667,0.15354485273591237,4
2025-05-01,-0.0564746187563081,3.66014285714286,2.26666666666667,0.1880120948717145,3.6977,-0.0933179134509409,3.74775,0.1056679969509533,3.73489473684211,0.0941530377317256,3.77885,-0.0907064485030306,3.73097727272727,2.275,2.36979166666667,2.45,2.44583333333333,2.55833333333333,0.12275329389719591,5
2025-06-01,0.1286796437788284,3.60390476190476,2.275,0.8101593217661351,3.65259523809524,0.1880120948717145,3.6977,-0.0933179134509409,3.74775,0.1056679969509533,3.73489473684211,0.12174192795944,3.78463157894737,2.275,2.275,2.36979166666667,2.45,2.525,0.10615114055389414,6
2025-07-01,0.2314310023643795,3.5562,2.19166666666667,0.3180663383204551,3.6997,0.8101593217661351,3.65259523809524,0.1880120948717145,3.6977,-0.0933179134509409,3.74775,0.2362687386915807,3.7644,2.2875,2.275,2.275,2.36979166666667,2.48541666666667,0.1369626353908443,7
2025-08-01,-0.2902539869034104,3.5432,2.18333333333333,-0.0564746187563081,3.66014285714286,0.3180663383204551,3.6997,0.8101593217661351,3.65259523809524,0.1880120948717145,3.6977,0.2841705281418694,3.741325,2.26666666666667,2.2875,2.275,2.275,2.44166666666667,0.13981528786973782,8
2025-09-01,0.0111517897177781,3.50281818181818,2.1625,0.1286796437788284,3.60390476190476,-0.0564746187563081,3.66014285714286,0.3180663383204551,3.6997,0.8101593217661351,3.65259523809524,-0.2375604747738458,3.76821428571429,2.275,2.26666666666667,2.2875,2.275,2.425,0.1403934308546869,9
2025-10-01,-0.09962740566547,3.41409090909091,2.19166666666667,0.2314310023643795,3.5562,0.1286796437788284,3.60390476190476,-0.0564746187563081,3.66014285714286,0.3180663383204551,3.6997,-0.0931035230159249,3.75359090909091,2.19166666666667,2.275,2.26666666666667,2.2875,2.45416666666667,0.13999028616075343,10
2025-11-01,0.1107819194063886,3.37285,2.1625,-0.2902539869034104,3.5432,0.2314310023643795,3.5562,0.1286796437788284,3.60390476190476,-0.0564746187563081,3.66014285714286,0.0941530377317256,3.77885,2.18333333333333,2.19166666666667,2.275,2.26666666666667,2.44583333333333,0.0921215765736468,11
2025-12-01,0.2441085839474777,3.36673684210526,2.125,0.0111517897177781,3.50281818181818,-0.2902539869034104,3.5432,0.2314310023643795,3.5562,0.1286796437788284,3.60390476190476,0.1056679969509533,3.73489473684211,2.1625,2.18333333333333,2.19166666666667,2.275,2.45,0.11284759861461545,12
2026-01-01,0.0957671016980521,3.35675,2.025,-0.09962740566547,3.41409090909091,0.0111517897177781,3.50281818181818,-0.2902539869034104,3.5432,0.2314310023643795,3.5562,-0.0933179134509409,3.74775,2.19166666666667,2.1625,2.18333333333333,2.19166666666667,2.36979166666667,0.11230394172715334,1
2026-02-01,0.6936262973436413,3.356975,2.1375,0.1107819194063886,3.37285,-0.09962740566547,3.41409090909091,0.0111517897177781,3.50281818181818,-0.2902539869034104,3.5432,0.1880120948717145,3.6977,2.1625,2.19166666666667,2.1625,2.18333333333333,2.275,0.1136896818667086,2
2026-03-01,2.378693530041942,3.44677272727273,2.51875,0.2441085839474777,3.36673684210526,0.1107819194063886,3.37285,-0.09962740566547,3.41409090909091,0.0111517897177781,3.50281818181818,0.8101593217661351,3.65259523809524,2.125,2.1625,2.19166666666667,2.1625,2.275,0.1252263974497523,3
2026-04-01,0.5206244057768039,3.442675,2.81666666666667,0.0957671016980521,3.35675,0.2441085839474777,3.36673684210526,0.1107819194063886,3.37285,-0.09962740566547,3.41409090909091,0.3180663383204551,3.6997,2.025,2.125,2.1625,2.19166666666667,2.2875,0.1409834820455017,4
2026-05-01,-0.1612965360912377,3.434825,2.89166666666667,0.6936262973436413,3.356975,0.0957671016980521,3.35675,0.2441085839474777,3.36673684210526,0.1107819194063886,3.37285,-0.0564746187563081,3.66014285714286,2.1375,2.025,2.125,2.1625,2.26666666666667,0.1831179989181623,5
2026-06-01,0.2287622586591764,3.40457142857143,2.825,2.378693530041942,3.44677272727273,0.6936262973436413,3.356975,0.0957671016980521,3.35675,0.2441085839474777,3.36673684210526,0.1286796437788284,3.60390476190476,2.51875,2.1375,2.025,2.125,2.275,0.3138291829411462,6
2026-07-01,0.2856312331624977,3.4,3.00875,0.5206244057768039,3.442675,2.378693530041942,3.44677272727273,0.6936262973436413,3.356975,0.0957671016980521,3.35675,0.2314310023643795,3.5562,2.81666666666667,2.51875,2.1375,2.025,2.19166666666667,0.33070902189584195,7
