fecha,real,naive,media_movil_12,expectativas,ridge
2009-04-01,0.019011338763808,0.1057790875491848,0.5286246494984917,0.2920138888888892,-0.14695693959435743
2009-05-01,-0.0430059879071298,-0.0747867011977931,0.4468075696727849,0.2638888888888892,0.018129121204139648
2009-06-01,-0.3395763976355215,0.3602190962933127,0.3900049392134018,0.24687499999999998,-0.18377193277768653
2009-07-01,0.186688283246883,0.019011338763808,0.37873753972615853,0.23750000000000002,-0.3790279694402057
2009-08-01,-0.2074040803469068,-0.0430059879071298,0.344362775737711,0.2333333333333333,-0.23256603434486195
2009-09-01,-0.0871865178354802,-0.3395763976355215,0.2519312097320138,0.19583333333333333,-0.03743819121602293
2009-10-01,0.1226260557147362,0.186688283246883,0.22119924008739134,0.18923611111111083,-0.08747741407259516
2009-11-01,-0.1120675116568326,-0.2074040803469068,0.15470847333949878,0.18333333333333335,0.12787649187214845
2009-12-01,0.3171065535180872,-0.0871865178354802,0.10017615117235056,0.15208333333333332,0.09507578869765275
2010-01-01,0.2959163588431845,0.1226260557147362,0.05930092826263444,0.15694444444444416,0.4269221605992085
2010-02-01,0.3225080878761277,-0.1120675116568326,0.024210009057297015,0.16423611111111083,0.5555540074035524
2010-03-01,0.2808120982471518,0.3171065535180872,0.020616934875528993,0.17500000000000002,0.5635800499686898
2010-04-01,0.0253574343372919,0.2959163588431845,0.03646170748336231,0.1777777777777775,0.6024016854483709
2010-05-01,0.237859799840967,0.3225080878761277,0.0695696065728557,0.18402777777777748,0.5295988737319732
2010-06-01,0.2508487290254546,0.2808120982471518,0.06295235673567563,0.18958333333333333,0.568683161422065
2010-07-01,0.3639553876795043,0.0253574343372919,0.06348119803346595,0.20833333333333334,0.49020877002290153
2010-08-01,0.268515340301767,0.237859799840967,0.08688668034580736,0.20833333333333334,0.5092656485905063
2010-09-01,-0.0320081184717491,0.2508487290254546,0.13608877423422205,0.20833333333333334,0.5218509895039755
2010-10-01,-0.1417216357072148,0.3639553876795043,0.15086103293694048,0.21006944444444417,0.35306655012485644
2010-11-01,0.0079054058141458,0.268515340301767,0.1905209846576633,0.21388888888888916,0.27729473312191977
2010-12-01,0.1784658944731898,-0.0320081184717491,0.19511918460464087,0.22187500000000002,0.20608918426649792
2011-01-01,0.3904364301121399,-0.1417216357072148,0.17309021031947827,0.21180555555555583,0.4052409218012696
2011-02-01,0.3823213150009108,0.0079054058141458,0.18308795344205986,0.20798611111111084,0.35369807991946856
2011-03-01,0.7024682757930778,0.1784658944731898,0.17153456518831842,0.20833333333333334,0.31652437305237663
2011-04-01,0.6809130063126112,0.3904364301121399,0.17941123779406468,0.23888888888888915,0.3684785348708354
2011-05-01,-0.0237059392313443,0.3823213150009108,0.18439567338779658,0.24305555555555583,0.41763434112511844
2011-06-01,0.0991430632533596,0.7024682757930778,0.21953368818329042,0.25625000000000003,0.36718737740615415
2011-07-01,0.7929523353527923,0.6809130063126112,0.2741633191812337,0.2652777777777775,0.33986033082873046
2011-08-01,0.2658181967315709,-0.0237059392313443,0.2523661742585411,0.26944444444444415,0.27555451415418053
2011-09-01,0.3341844507243507,0.0991430632533596,0.23972403544419985,0.25416666666666665,0.21426065245904108
2011-10-01,0.3148504754264314,0.7929523353527923,0.2754737810836405,0.24444444444444416,0.24224908374374512
2011-11-01,0.4314230219842896,0.2658181967315709,0.2752490191194575,0.24583333333333335,0.2391017446887614
2011-12-01,0.2709086936856231,0.3341844507243507,0.3057650665524658,0.2354166666666667,0.24542620089471645
2012-01-01,-0.1013216580585396,0.3148504754264314,0.34381274248026966,0.2333333333333333,0.4773390856960248
2012-02-01,0.324908892687481,0.4314230219842896,0.37910587716111493,0.2402777777777775,0.3772045986887284
2012-03-01,0.7660162690275696,0.2709086936856231,0.38680944376215115,0.25,0.35959380995839557
2012-04-01,0.5315401578713574,-0.1013216580585396,0.3458296030812611,0.2350694444444442,0.3609333638407909
2012-05-01,0.0392607750355544,0.324908892687481,0.34104523455514196,0.225,0.33545061761251316
2012-06-01,-0.0366953058830055,0.7660162690275696,0.34634090065801626,0.225,0.34331016510437284
2012-07-01,0.0903588612569006,0.5315401578713574,0.33389316328791185,0.24166666666666667,0.3693339417658619
2012-08-01,0.5084010598412236,0.0392607750355544,0.33914038947682007,0.2527777777777775,0.377892778019415
2012-09-01,0.5427064949835136,-0.0366953058830055,0.327820525382123,0.25,0.3313578621151133
2012-10-01,-0.1633232923999861,0.0903588612569006,0.2692710692074653,0.23819444444444415,0.23220354894334247
2012-11-01,-0.1374686735246655,0.5084010598412236,0.2894863077999364,0.23888888888888915,0.1477916630780499
2012-12-01,0.2587750050351944,0.5427064949835136,0.30686314482153326,0.23750000000000002,0.18028869041889653
2013-01-01,0.1154176756955616,-0.1633232923999861,0.2670153308359985,0.23958333333333334,0.4758029343197651
2013-02-01,-0.08999999999999,-0.1374686735246655,0.21960768954358556,0.22708333333333333,0.38130872310305786
2013-03-01,0.9088260299246363,0.2587750050351944,0.2185965488227165,0.2125,0.24662961918551368
2013-04-01,0.2523864345138626,0.1154176756955616,0.2366581599688916,0.21597222222222248,0.296853691462945
2013-05-01,0.1935855957435395,-0.08999999999999,0.20208241891160236,0.21458333333333335,0.3135570870519225
2013-06-01,0.261797703601152,0.9088260299246363,0.21398323231969127,0.21354166666666666,0.3124998234618076
2013-07-01,0.548478702276034,0.2523864345138626,0.19072042203990003,0.20694444444444415,0.33907434112817014
2013-08-01,0.5429050386318357,0.1935855957435395,0.20358082376556544,0.20659722222222252,0.25374429287442646
2013-09-01,0.1087803759559857,0.261797703601152,0.22845524122257857,0.20833333333333334,0.39918365461423694
2013-10-01,0.0382722950763136,0.548478702276034,0.2666318946408397,0.209375,0.22373044421166527
2013-11-01,-0.2182433044508491,0.5429050386318357,0.269507226206724,0.21527777777777748,0.18126901034911788
2013-12-01,0.16581750067437,0.1087803759559857,0.23334671628776338,0.225,0.14784162448104146
2014-01-01,0.3168465153781996,0.0382722950763136,0.25014634857745505,0.22152777777777752,0.28604366287557703
2014-02-01,0.6008386962438772,-0.2182433044508491,0.2434151293336064,0.2194444444444442,0.2522182946434936
2014-03-01,0.5185588799294205,0.16581750067437,0.23566867063687102,0.225,0.2721841776187813
2014-04-01,0.3932220436982936,0.3168465153781996,0.25245440727709084,0.2201388888888892,0.28310679680881484
2014-05-01,0.2250304907825073,0.6008386962438772,0.31002429863074643,0.21527777777777748,0.24689944668140462
2014-06-01,0.1591775010682861,0.5185588799294205,0.27750203613114516,0.22395833333333334,0.2872485929270592
2014-07-01,0.4333125756200262,0.3932220436982936,0.28923833689651435,0.22916666666666666,0.315328408746054
2014-08-01,-0.0856196342018722,0.2250304907825073,0.2918587448164284,0.23055555555555585,0.3085664953037711
2014-09-01,0.1605025087040079,0.1591775010682861,0.2833070612720228,0.2354166666666667,0.22743914179288255
2014-10-01,0.3788583360211595,0.4333125756200262,0.2737098840506889,0.2329861111111108,0.18515022379087373
2014-11-01,-0.1494606475877735,-0.0856196342018722,0.2213328279812132,0.2402777777777775,0.20594070028080108
2014-12-01,0.2288915780783718,0.1605025087040079,0.2256430057102151,0.22916666666666666,0.14183295034520071
2015-01-01,0.1702956857356996,0.3788583360211595,0.25402517578895223,0.225,0.3455607272293062
2015-02-01,0.3034689302365168,-0.1494606475877735,0.2597570638608752,0.22708333333333333,0.3203827694836565
2015-03-01,0.7646641314040359,0.2288915780783718,0.2650132369778753,0.21666666666666667,0.2578682186843231
2015-04-01,0.3905064914157652,0.1702956857356996,0.25280066784100036,0.20868055555555584,0.23783524783264948
2015-05-01,0.5643654278037591,0.3034689302365168,0.22801985400705363,0.20833333333333334,0.21276490870598222
2015-06-01,0.3323413484737081,0.7646641314040359,0.24852862496327158,0.22604166666666667,0.22026859095328302
2015-07-01,0.4507863889678276,0.3905064914157652,0.24830232893972756,0.23611111111111083,0.2706170248508212
2015-08-01,0.3772261210857053,0.5643654278037591,0.2765802403581652,0.2347222222222225,0.19247649516340323
2015-09-01,0.0275381794493378,0.3323413484737081,0.2910105609752837,0.24166666666666667,0.1658699833695063
2015-10-01,0.1427993843125641,0.4507863889678276,0.2924667120876005,0.2527777777777775,0.17617427237939381
2015-11-01,0.3440717359528555,0.3772261210857053,0.3310371916948986,0.26111111111111085,0.14845470718440898
2015-12-01,0.4457214990616798,0.0275381794493378,0.3199568309236761,0.2791666666666667,0.1364180111348709
2016-01-01,0.3725202111554138,0.1427993843125641,0.3002852516146265,0.2777777777777775,0.3669890030104813
2016-02-01,0.1740912427066865,0.3440717359528555,0.34141295024301227,0.27465277777777747,0.36257435300182916
2016-03-01,0.5981180992129964,0.4457214990616798,0.3594821103249546,0.28750000000000003,0.32378448002023025
2016-04-01,0.0114065609758906,0.3725202111554138,0.37633415410993076,0.28704861111111085,0.2885814108306005
2016-05-01,0.2095637383322079,0.1740912427066865,0.3655526801491116,0.2861111111111108,0.24138779421129408
2016-06-01,0.1395085287376751,0.5981180992129964,0.35167384413319164,0.2791666666666667,0.06012867306157241
2016-07-01,0.0817470419145927,0.0114065609758906,0.3200821832632021,0.27361111111111086,-0.004514247200611193
2016-08-01,0.3582858538218492,0.2095637383322079,0.29051537580723946,0.27013888888888915,0.11106878592855968
2016-09-01,0.2064640923922001,0.1395085287376751,0.27444597416257005,0.2635416666666667,0.08248577268033835
2016-10-01,0.4133545205237787,0.0817470419145927,0.24369269524146717,0.25121527777777747,0.0033598127404148026
2016-11-01,0.2900640591180448,0.3582858538218492,0.24211433963614581,0.23055555555555585,0.024585386306157586
2016-12-01,0.3341952460993447,0.2064640923922001,0.25702483238138435,0.22187500000000002,0.013912160606728674
2017-01-01,0.2378430601073011,0.4133545205237787,0.27957109373231886,0.22583333333333333,0.20520762887599053
2017-02-01,0.3231713719755724,0.2900640591180448,0.27507045399608465,0.24236111111111083,0.23647134444346898
2017-03-01,1.3045581851909294,0.3341952460993447,0.2657765995825567,0.24166666666666667,0.29377119857626705
2017-04-01,-0.2580534788821476,0.2378430601073011,0.2545535036618807,0.2418402777777775,0.20171311889004312
2017-05-01,-0.4233379880134169,0.3231713719755724,0.26697684776762115,0.24236111111111083,0.15562649816532684
2017-06-01,-0.1591987690263807,1.3045581851909294,0.3258468549324489,0.2489583333333333,0.19371964539774633
2017-07-01,0.1982858237506324,-0.2580534788821476,0.30339185161094573,0.2555555555555558,0.2788705141374649
2017-08-01,0.6722256296765483,-0.4233379880134169,0.25065004108214367,0.2462152777777775,0.25341677583164623
2017-09-01,-0.0157699757397544,-0.1591987690263807,0.22575776626847233,0.240625,0.09138316717610764
2017-10-01,-0.4692452194845709,0.1982858237506324,0.23546933142147564,0.23211805555555584,0.0912336989536329
2017-11-01,-0.1972373374882985,0.6722256296765483,0.26163097940936725,0.2277777777777775,0.028928979310272468
2017-12-01,0.1568518580435496,-0.0157699757397544,0.24311147373170436,0.23385416666666667,0.14206885486171505
2018-01-01,0.127417107488581,-0.4692452194845709,0.1695614953976752,0.22187500000000002,0.39384187748987554
2018-02-01,0.2502205207208341,-0.1972373374882985,0.12895304568047994,0.20625000000000002,0.1904505999152088
2018-03-01,0.4871243568377759,0.1568518580435496,0.11417443000916368,0.19166666666666665,0.26236624773320993
2018-04-01,-0.1370730838583078,0.127417107488581,0.104972267290937,0.18541666666666667,0.050743603976073415
2018-05-01,0.0184551804113697,0.2502205207208341,0.09889302968637549,0.18229166666666666,0.09654287266732059
2018-06-01,0.3340582146688975,0.4871243568377759,0.030773543990279362,0.18177083333333333,0.20047351336546892
2018-07-01,0.3827859859253602,-0.1370730838583078,0.040855243575599345,0.18055555555555583,0.2446699879160963
2018-08-01,0.1317672594020491,0.0184551804113697,0.07767134094433155,0.18472222222222248,0.3612603051754745
2018-09-01,0.1916816107900398,0.3340582146688975,0.11877608958560475,0.18958333333333333,0.15151655683322185
2018-10-01,0.0816835303769414,0.3827859859253602,0.1341511031001654,0.19407986111111084,0.04804901642836695
2018-11-01,0.122438003210834,0.1317672594020491,0.08911290557729046,0.19930555555555585,0.17303145767877381
2018-12-01,0.1817772705850817,0.1916816107900398,0.10640053778810665,0.203125,0.21662653579337782
2019-01-01,0.0653322898985564,0.0816835303769414,0.1523112669432327,0.20319444444444415,0.35582830792413
2019-02-01,0.1267614537806327,0.122438003210834,0.1789508786681604,0.20625000000000002,0.3326713715641958
2019-03-01,0.7275522591053463,0.1817772705850817,0.18102799637995473,0.20833333333333334,0.313277681771615
2019-04-01,0.200080537447711,0.0653322898985564,0.17585426158078601,0.20642361111111085,0.15704257661872062
2019-05-01,0.147613822696635,0.1267614537806327,0.1655660060024359,0.19999999999999998,0.16019621854571617
2019-06-01,-0.0862718704256471,0.7275522591053463,0.18560166452473345,0.19416666666666668,0.16330091427210136
2019-07-01,0.2033367032929556,0.200080537447711,0.21369779963356836,0.19833333333333333,0.21806162538590995
2019-08-01,0.0609772736582803,0.147613822696635,0.22446101982400712,0.20590277777777752,0.2524341482977054
2019-09-01,0.0063829985801788,-0.0862718704256471,0.18943351273279505,0.20625000000000002,0.211287287033269
2019-10-01,0.1107254309482552,0.2033367032929556,0.17447940584676136,0.19357638888888917,0.04338980325980982
2019-11-01,0.108910232526771,0.0609772736582803,0.16858024036811392,0.19166666666666665,0.08519060434184639
2019-12-01,0.2145211611567221,0.0063829985801788,0.15313868935062552,0.18437499999999998,0.10703593440040486
2020-01-01,0.0538080667322526,0.1107254309482552,0.15555884773156833,0.18576388888888917,0.18071604425407983
2020-02-01,0.1421720343601773,0.108910232526771,0.15443153350789643,0.18194444444444416,0.24528036246318394
2020-03-01,0.6459999879662615,0.2145211611567221,0.15716019105553314,0.18541666666666667,0.3226895656643265
2020-04-01,0.1045826848525166,0.0538080667322526,0.15619983912500782,0.1704861111111108,0.18201120157700812
2020-05-01,0.2041535708790398,0.1421720343601773,0.1574840541733032,0.16874999999999998,0.18031135419869387
2020-06-01,-0.2660968549879849,0.6459999879662615,0.15068803157837946,0.16822916666666665,0.2082836558614255
2020-07-01,0.4626883973442242,0.1045826848525166,0.14272987719544658,0.12569444444444416,0.05981924474152106
2020-08-01,-0.1102389651977286,0.2041535708790398,0.14744152287731363,0.12673611111111083,-0.06661627292994035
2020-09-01,0.136353971354608,-0.2660968549879849,0.1324561074971188,0.11666666666666665,0.09078044199134408
2020-10-01,0.0167755516523371,0.4626883973442242,0.15406874866805786,0.1215277777777775,0.0663445002422958
2020-11-01,0.5204795813914975,-0.1102389651977286,0.13980072876339045,0.13055555555555584,0.12196542607068872
2020-12-01,0.0487327395330305,0.136353971354608,0.15063164316125957,0.12447916666666665,0.1500004316100721
2021-01-01,0.7429017041662433,0.0167755516523371,0.14280248655326638,0.1347222222222225,0.22540997386865658
2021-02-01,-0.1252655628685373,0.5204795813914975,0.17709993229199358,0.1402777777777775,0.2935609424490409
2021-03-01,0.8394687674103674,0.0487327395330305,0.1632842304900193,0.15395833333333334,0.42245085347347644
2021-04-01,-0.1046918027215015,0.7429017041662433,0.2207087002761852,0.16475694444444416,0.2615126981434925
2021-05-01,0.2665575222636329,-0.1252655628685373,0.19842223384045898,0.17569444444444415,0.4174855375236711
2021-06-01,0.5196716341486107,0.8394687674103674,0.2145446321274678,0.18098958333333334,0.11979105450990925
2021-07-01,1.0075390651074878,-0.1046918027215015,0.19710509149629962,0.19166666666666665,0.39834817573911885
2021-08-01,0.984935312366586,0.2665575222636329,0.20230542077834904,0.20225694444444417,0.18034848733684095
2021-09-01,0.4004225168724007,0.5196716341486107,0.2677861282063987,0.21666666666666667,0.3547383149098562
2021-10-01,0.5836650692595535,1.0075390651074878,0.313190350520004,0.2520833333333333,0.2990168857689831
2021-11-01,0.3581835804270072,0.984935312366586,0.40445487365036353,0.25611111111111085,0.49327198267055145
2021-12-01,0.7828352683251216,0.4004225168724007,0.42646058577684626,0.30312500000000003,0.4104084206894534
2022-01-01,0.0372679999999903,0.5836650692595535,0.47370137891078096,0.30111111111111083,0.4523772325758637
2022-02-01,0.3114559266052641,0.3581835804270072,0.4601767121637401,0.309375,0.1542123267084487
2022-03-01,1.482659889242366,0.7828352683251216,0.5213519228964144,0.30624999999999997,0.25777528028729035
2022-04-01,0.9618931773418548,0.0372679999999903,0.4625491142158933,0.31059027777777753,0.14251246245088944
2022-05-01,0.384024966018992,0.3114559266052641,0.4989425716720434,0.3125,0.13766613659231675
2022-06-01,1.1906271063631513,1.482659889242366,0.55254183182471,0.36562500000000003,0.2979372731543393
2022-07-01,0.9408910850390972,0.9618931773418548,0.6414239134966563,0.38472222222222247,0.6960393017039531
2022-08-01,0.6665421076659683,0.384024966018992,0.6512128671429362,0.4071180555555558,0.7283733705524503
2022-09-01,0.5225578526843577,1.1906271063631513,0.7071258231608146,0.4458333333333333,0.40467945459287835
2022-10-01,0.3476523481018345,0.9408910850390972,0.701571824821782,0.4296875,0.440240403631929
2022-11-01,0.5176396565052643,0.6665421076659683,0.6750390577633972,0.425,0.296752512050097
2022-12-01,0.7939241703959876,0.5225578526843577,0.6852170024143938,0.40781249999999997,0.13048096636065976
2023-01-01,0.226446521871515,0.3476523481018345,0.6655492756512504,0.3984375,0.37900454024584185
2023-02-01,0.2945225105313698,0.5176396565052643,0.6788372819911052,0.3902777777777775,0.2774964240569444
2023-03-01,1.2534867715202402,0.7939241703959876,0.6797613571636774,0.35833333333333334,0.2869064907513854
2023-04-01,0.5562518800693805,0.226446521871515,0.6955262339863043,0.385243055555555,0.5189176830759247
2023-05-01,0.317861464132374,0.2945225105313698,0.6941151159801464,0.3576388888888891,0.22434938047691746
2023-06-01,-0.1527697461555566,1.2534867715202402,0.6750173561699695,0.35833333333333334,0.3140624081996414
2023-07-01,0.3910662769830209,0.5562518800693805,0.6412139147305965,0.3541666666666667,0.34471224897672814
2023-08-01,0.3761326034798617,0.317861464132374,0.6357002895733784,0.3510416666666667,0.25959599009326817
2023-09-01,0.0164026333286271,-0.1527697461555566,0.5237505518634861,0.31875000000000003,0.11125149014199961
2023-10-01,-0.3224474433708213,0.3910662769830209,0.47793181785881306,0.29774305555555586,-0.04714718361547998
2023-11-01,-0.1630608423145885,0.3761326034798617,0.4537310258433042,0.27986111111111084,0.044145034035703995
2023-12-01,0.4057779610866729,0.0164026333286271,0.41155142423032665,0.28151041666666665,0.22716339454469114
2024-01-01,0.0192113272793559,-0.3224474433708213,0.35570977494093864,0.27743055555555585,0.18394401858015463
2024-02-01,0.5575108009363117,-0.1630608423145885,0.2989847333726175,0.2621527777777775,0.07474865156209654
2024-03-01,1.0093851618857563,0.4057779610866729,0.26663921593017464,0.2354166666666667,0.1909528564435687
2024-04-01,-0.0516715997229466,0.0192113272793559,0.24936961638082808,0.2197916666666667,0.22147506938459938
2024-05-01,-0.0907064485030306,0.5575108009363117,0.27128530724790656,0.22048611111111083,0.16318965429668678
2024-06-01,0.12174192795944,1.0093851618857563,0.2509435064450329,0.21302083333333333,0.05890573628452683
2024-07-01,0.2362687386915807,-0.0516715997229466,0.20028321646233896,0.2180555555555558,0.3019841293012128
2024-08-01,0.2841705281418694,-0.0907064485030306,0.16623589040938858,0.21319444444444416,0.3129570782571785
2024-09-01,-0.2375604747738458,0.12174192795944,0.18911186325230497,0.21041666666666667,0.09232995479244094
2024-10-01,-0.0931035230159249,0.2362687386915807,0.17621206839468495,0.20711805555555585,-0.01739970225447629
2024-11-01,0.0941530377317256,0.2841705281418694,0.16854856211651892,0.2034722222222225,0.020976268523770075
2024-12-01,0.1056679969509533,-0.2375604747738458,0.14738496977464619,0.2020833333333333,0.24907178842489966
2025-01-01,-0.0933179134509409,-0.0931035230159249,0.16649696313755422,0.2045138888888892,0.2829922849293295
2025-02-01,0.1880120948717145,0.0941530377317256,0.1879314531414137,0.2038194444444442,0.3686051217780658
2025-03-01,0.8101593217661351,0.1056679969509533,0.1629222894634371,0.2041666666666667,0.5267903884040623
2025-04-01,0.3180663383204551,-0.0933179134509409,0.15354485273591234,0.19748263888888917,0.19916542915830385
2025-05-01,-0.0564746187563081,0.1880120948717145,0.12275329389719593,0.18958333333333333,0.16271235389803204
2025-06-01,0.1286796437788284,0.8101593217661351,0.10615114055389414,0.18958333333333333,0.20705971888990352
2025-07-01,0.2314310023643795,0.3180663383204551,0.1369626353908443,0.19062500000000002,0.3571259182493685
2025-08-01,-0.2902539869034104,-0.0564746187563081,0.13981528786973785,0.1888888888888892,0.3352527414468159
2025-09-01,0.0111517897177781,0.1286796437788284,0.1403934308546869,0.18958333333333333,0.03811296677943682
2025-10-01,-0.09962740566547,0.2314310023643795,0.13999028616075346,0.18263888888888916,0.07070587166762993
2025-11-01,0.1107819194063886,-0.2902539869034104,0.0921215765736468,0.18194444444444416,0.1447833143260941
2025-12-01,0.2441085839474777,0.0111517897177781,0.11284759861461546,0.18020833333333333,0.0729123879498817
2026-01-01,0.0957671016980521,-0.09962740566547,0.11230394172715337,0.18263888888888916,0.19242441198066398
2026-02-01,0.6936262973436413,0.1107819194063886,0.1136896818667086,0.18020833333333333,0.26824494409953104
2026-03-01,2.378693530041942,0.2441085839474777,0.1252263974497523,0.17708333333333334,0.45987973706323526
2026-04-01,0.5206244057768039,0.0957671016980521,0.14098348204550173,0.16874999999999998,0.36247012026739533
2026-05-01,-0.1612965360912377,0.6936262973436413,0.1831179989181623,0.178125,0.20804101618053164
2026-06-01,0.2287622586591764,2.378693530041942,0.3138291829411462,0.2098958333333333,0.36407493851675565
2026-07-01,0.2856312331624977,0.5206244057768039,0.33070902189584195,0.2347222222222225,0.6679106759608668
